,Exit Trade Id,Column,Size,Entry Timestamp,Avg Entry Price,Entry Fees,Exit Timestamp,Avg Exit Price,Exit Fees,PnL,Return,Direction,Status,Position Id,Points,Futures PnL,Net Futures PnL
0,0,0,1.0,2024-01-02 00:47:00,17027.7026,0.0,2024-01-02 00:49:00,17023.547475,0.0,-4.155125000001135,-0.00024402146887397098,Long,Closed,0,-4.155125000001135,-8.31025000000227,-11.31025000000227
1,1,0,1.0,2024-01-02 00:52:00,17028.452675,0.0,2024-01-02 01:35:00,17025.047325,0.0,-3.405350000000908,-0.00019998000199985335,Long,Closed,1,-3.405350000000908,-6.810700000001816,-9.810700000001816
2,2,0,1.0,2024-01-02 03:13:00,17013.451175,0.0,2024-01-02 03:23:00,17004.549375,0.0,-8.90179999999964,-0.0005232212975742495,Long,Closed,2,-8.90179999999964,-17.80359999999928,-20.80359999999928
3,3,0,1.0,2024-01-02 04:17:00,17009.20075,0.0,2024-01-02 05:01:00,17007.79905,0.0,-1.4016999999985273,-8.240834008608707e-05,Long,Closed,3,-1.4016999999985273,-2.8033999999970547,-5.803399999997055
4,4,0,1.0,2024-01-02 05:13:00,17015.20135,0.0,2024-01-02 06:07:00,17011.79865,0.0,-3.402699999998731,-0.00019998000199972546,Long,Closed,4,-3.402699999998731,-6.805399999997462,-9.805399999997462
5,5,0,1.0,2024-01-02 07:14:00,17019.451775,0.0,2024-01-02 07:49:00,17015.548275,0.0,-3.9035000000003492,-0.00022935521376394916,Long,Closed,5,-3.9035000000003492,-7.8070000000006985,-10.807000000000698
6,6,0,1.0,2024-01-02 08:03:00,17027.452575,0.0,2024-01-02 08:53:00,17027.547075,0.0,0.0944999999992433,5.549861295047142e-06,Long,Closed,6,0.0944999999992433,0.1889999999984866,-2.8110000000015134
7,7,0,1.0,2024-01-02 10:45:00,16995.6994,0.0,2024-01-02 10:52:00,16979.80185,0.0,-15.897550000001502,-0.0009353866308085857,Long,Closed,7,-15.897550000001502,-31.795100000003004,-34.795100000003
8,8,0,1.0,2024-01-02 13:34:00,16846.6845,0.0,2024-01-02 14:37:00,16822.81755,0.0,-23.866949999999633,-0.0014167149625197548,Long,Closed,8,-23.866949999999633,-47.73389999999927,-50.73389999999927
9,9,0,1.0,2024-01-02 16:07:00,16730.17285,0.0,2024-01-02 17:20:00,16760.073825,0.0,29.90097500000047,0.0017872484204489538,Long,Closed,9,29.90097500000047,59.80195000000094,56.80195000000094
10,10,0,1.0,2024-01-02 17:42:00,16785.17835,0.0,2024-01-02 17:49:00,16746.3252,0.0,-38.853149999999005,-0.0023147296495660418,Long,Closed,10,-38.853149999999005,-77.70629999999801,-80.70629999999801
11,11,0,1.0,2024-01-02 18:31:00,16736.923525,0.0,2024-01-02 18:53:00,16709.078925,0.0,-27.844599999996717,-0.0016636629759588222,Long,Closed,11,-27.844599999996717,-55.689199999993434,-58.689199999993434
12,12,0,1.0,2024-01-02 19:36:00,16698.419675,0.0,2024-01-02 19:42:00,16682.581575,0.0,-15.83810000000085,-0.0009484789763496497,Long,Closed,12,-15.83810000000085,-31.6762000000017,-34.6762000000017
13,13,0,1.0,2024-01-02 20:37:00,16647.6646,0.0,2024-01-02 23:19:00,16722.577575,0.0,74.91297499999928,0.0044999089541964505,Long,Closed,13,74.91297499999928,149.82594999999856,146.82594999999856
14,14,0,1.0,2024-01-03 00:01:00,16726.922524999998,0.0,2024-01-03 00:41:00,16718.577975,0.0,-8.34454999999798,-0.0004988694117238988,Long,Closed,14,-8.34454999999798,-16.68909999999596,-19.68909999999596
15,15,0,1.0,2024-01-03 01:55:00,16717.421575,0.0,2024-01-03 02:17:00,16707.82905,0.0,-9.592525000000023,-0.0005738040975376924,Long,Closed,15,-9.592525000000023,-19.185050000000047,-22.185050000000047
16,16,0,1.0,2024-01-03 03:06:00,16708.920725,0.0,2024-01-03 03:22:00,16701.3297,0.0,-7.591025000001537,-0.0004543097142500529,Long,Closed,16,-7.591025000001537,-15.182050000003073,-18.182050000003073
17,17,0,1.0,2024-01-03 03:36:00,16707.420575,0.0,2024-01-03 03:49:00,16703.079525,0.0,-4.341049999999086,-0.0002598276604405816,Long,Closed,17,-4.341049999999086,-8.682099999998172,-11.682099999998172
18,18,0,1.0,2024-01-03 05:20:00,16698.419675,0.0,2024-01-03 05:29:00,16693.580475,0.0,-4.839200000002165,-0.0002897998789219055,Long,Closed,18,-4.839200000002165,-9.67840000000433,-12.67840000000433
19,19,0,1.0,2024-01-03 05:31:00,16701.67,0.0,2024-01-03 07:04:00,16707.3291,0.0,5.6591000000007625,0.0003388343800350961,Long,Closed,19,5.6591000000007625,11.318200000001525,8.318200000001525
20,20,0,1.0,2024-01-03 07:44:00,16710.420875,0.0,2024-01-03 08:33:00,16710.82875,0.0,0.4078750000007858,2.4408421729879728e-05,Long,Closed,20,0.4078750000007858,0.8157500000015716,-2.1842499999984284
21,21,0,1.0,2024-01-03 10:20:00,16653.6652,0.0,2024-01-03 11:03:00,16656.3342,0.0,2.669000000001688,0.00016026502081966247,Long,Closed,21,2.669000000001688,5.338000000003376,2.338000000003376
22,22,0,1.0,2024-01-03 13:16:00,16616.411475,0.0,2024-01-03 14:00:00,16615.588275000002,0.0,-0.8231999999989057,-4.954138270091832e-05,Long,Closed,22,-0.8231999999989057,-1.6463999999978114,-4.646399999997811
23,23,0,1.0,2024-01-03 14:43:00,16631.412975,0.0,2024-01-03 15:13:00,16571.84265,0.0,-59.570325000000594,-0.003581795791466756,Long,Closed,23,-59.570325000000594,-119.14065000000119,-122.14065000000119
24,24,0,1.0,2024-01-03 15:58:00,16583.658199999998,0.0,2024-01-03 16:37:00,16582.091625,0.0,-1.5665749999971013,-9.446498360639762e-05,Long,Closed,24,-1.5665749999971013,-3.1331499999942025,-6.1331499999942025
25,25,0,1.0,2024-01-03 17:31:00,16583.408175,0.0,2024-01-03 18:28:00,16587.591075,0.0,4.1828999999997905,0.00025223403753069535,Long,Closed,25,4.1828999999997905,8.365799999999581,5.365799999999581
26,26,0,1.0,2024-01-03 19:28:00,16616.6615,0.0,2024-01-03 20:02:00,16575.092325,0.0,-41.5691749999969,-0.002501656244245988,Long,Closed,26,-41.5691749999969,-83.1383499999938,-86.1383499999938
27,27,0,1.0,2024-01-03 21:39:00,16538.15365,0.0,2024-01-03 23:43:00,16545.595275,0.0,7.441624999999476,0.0004499670977479083,Long,Closed,27,7.441624999999476,14.883249999998952,11.883249999998952
28,28,0,1.0,2024-01-04 00:27:00,16554.6553,0.0,2024-01-04 01:28:00,16553.84445,0.0,-0.8108499999980268,-4.898018021541209e-05,Long,Closed,28,-0.8108499999980268,-1.6216999999960535,-4.6216999999960535
29,29,0,1.0,2024-01-04 02:00:00,16557.405575,0.0,2024-01-04 02:07:00,16550.84475,0.0,-6.560825000000477,-0.00039624716386162914,Long,Closed,29,-6.560825000000477,-13.121650000000955,-16.121650000000955
30,30,0,1.0,2024-01-04 02:56:00,16553.6552,0.0,2024-01-04 03:32:00,16548.84495,0.0,-4.81025000000227,-0.00029058536872281053,Long,Closed,30,-4.81025000000227,-9.62050000000454,-12.62050000000454
31,31,0,1.0,2024-01-04 04:07:00,16555.405375,0.0,2024-01-04 04:38:00,16550.594775,0.0,-4.810599999997066,-0.0002905757902649404,Long,Closed,31,-4.810599999997066,-9.621199999994133,-12.621199999994133
32,32,0,1.0,2024-01-04 06:23:00,16551.404975,0.0,2024-01-04 07:59:00,16564.84335,0.0,13.438374999997905,0.0008119174789267642,Long,Closed,32,13.438374999997905,26.87674999999581,23.87674999999581
33,33,0,1.0,2024-01-04 08:11:00,16584.15825,0.0,2024-01-04 08:16:00,16567.84305,0.0,-16.315200000000914,-0.0009837822187931011,Long,Closed,33,-16.315200000000914,-32.63040000000183,-35.63040000000183
34,34,0,1.0,2024-01-04 09:17:00,16576.15745,0.0,2024-01-04 10:05:00,16565.84325,0.0,-10.314199999997072,-0.000622231058742572,Long,Closed,34,-10.314199999997072,-20.628399999994144,-23.628399999994144
35,35,0,1.0,2024-01-04 10:22:00,16577.6576,0.0,2024-01-04 10:32:00,16565.3433,0.0,-12.314299999998184,-0.0007428250900777553,Long,Closed,35,-12.314299999998184,-24.628599999996368,-27.628599999996368
36,36,0,1.0,2024-01-04 11:10:00,16569.906825,0.0,2024-01-04 11:39:00,16548.345,0.0,-21.561824999997043,-0.0013012641065347117,Long,Closed,36,-21.561824999997043,-43.123649999994086,-46.123649999994086
37,37,0,1.0,2024-01-04 12:36:00,16531.903025,0.0,2024-01-04 12:58:00,16519.3479,0.0,-12.555124999998952,-0.0007594482607968814,Long,Closed,37,-12.555124999998952,-25.110249999997905,-28.110249999997905
38,38,0,1.0,2024-01-04 14:20:00,16466.396475,0.0,2024-01-04 14:25:00,16450.104825,0.0,-16.291650000002846,-0.0009893876917598538,Long,Closed,38,-16.291650000002846,-32.58330000000569,-35.58330000000569
39,39,0,1.0,2024-01-04 14:36:00,16489.898825,0.0,2024-01-04 16:47:00,16544.345400000002,0.0,54.44657500000176,0.0033018137696185505,Long,Closed,39,54.44657500000176,108.89315000000352,105.89315000000352
40,40,0,1.0,2024-01-04 18:22:00,16511.901025,0.0,2024-01-04 18:59:00,16507.3491,0.0,-4.5519249999997555,-0.00027567540485543555,Long,Closed,40,-4.5519249999997555,-9.103849999999511,-12.103849999999511
41,41,0,1.0,2024-01-04 19:57:00,16491.14895,0.0,2024-01-04 20:22:00,16480.85175,0.0,-10.297199999997247,-0.0006244076765795781,Long,Closed,41,-10.297199999997247,-20.594399999994494,-23.594399999994494
42,42,0,1.0,2024-01-04 20:37:00,16497.6496,0.0,2024-01-04 20:46:00,16483.851450000002,0.0,-13.798149999998714,-0.0008363706548839971,Long,Closed,42,-13.798149999998714,-27.596299999997427,-30.596299999997427
43,43,0,1.0,2024-01-04 21:35:00,16453.395175,0.0,2024-01-04 23:50:00,16460.603775,0.0,7.208599999998114,0.00043812234030281917,Long,Closed,43,7.208599999998114,14.417199999996228,11.417199999996228
44,44,0,1.0,2024-01-05 00:22:00,16463.896225,0.0,2024-01-05 00:59:00,16457.104125,0.0,-6.792099999998754,-0.0004125451173389399,Long,Closed,44,-6.792099999998754,-13.584199999997509,-16.58419999999751
45,45,0,1.0,2024-01-05 01:14:00,16468.396675,0.0,2024-01-05 01:26:00,16455.104325,0.0,-13.292349999999715,-0.0008071429333602517,Long,Closed,45,-13.292349999999715,-26.58469999999943,-29.58469999999943
46,46,0,1.0,2024-01-05 01:47:00,16464.896325,0.0,2024-01-05 01:58:00,16458.104025,0.0,-6.792300000000978,-0.00041253220584739866,Long,Closed,46,-6.792300000000978,-13.584600000001956,-16.584600000001956
47,47,0,1.0,2024-01-05 03:29:00,16456.395475,0.0,2024-01-05 03:37:00,16449.104925,0.0,-7.290550000001531,-0.0004430222894847834,Long,Closed,47,-7.290550000001531,-14.581100000003062,-17.58110000000306
48,48,0,1.0,2024-01-05 04:16:00,16451.645,0.0,2024-01-05 04:51:00,16447.605075,0.0,-4.039925000000949,-0.0002455635895377604,Long,Closed,48,-4.039925000000949,-8.079850000001898,-11.079850000001898
49,49,0,1.0,2024-01-05 07:14:00,16417.391575,0.0,2024-01-05 07:44:00,16407.609075,0.0,-9.782500000001164,-0.0005958620134819537,Long,Closed,49,-9.782500000001164,-19.56500000000233,-22.56500000000233
50,50,0,1.0,2024-01-05 08:14:00,16425.14235,0.0,2024-01-05 08:51:00,16414.108425,0.0,-11.033924999999726,-0.0006717704336973206,Long,Closed,50,-11.033924999999726,-22.067849999999453,-25.067849999999453
51,51,0,1.0,2024-01-05 09:26:00,16418.391675,0.0,2024-01-05 09:40:00,16398.110025,0.0,-20.28164999999717,-0.0012353006555983002,Long,Closed,51,-20.28164999999717,-40.56329999999434,-43.56329999999434
52,52,0,1.0,2024-01-05 11:03:00,16392.889125,0.0,2024-01-05 11:28:00,16379.611875,0.0,-13.277250000001004,-0.0008099395962943782,Long,Closed,52,-13.277250000001004,-26.554500000002008,-29.554500000002008
53,53,0,1.0,2024-01-05 11:57:00,16386.888525,0.0,2024-01-05 12:55:00,16388.86095,0.0,1.9724249999999302,0.00012036604734271421,Long,Closed,53,1.9724249999999302,3.9448499999998603,0.9448499999998603
54,54,0,1.0,2024-01-05 13:18:00,16411.390975,0.0,2024-01-05 13:33:00,16351.3647,0.0,-60.02627499999835,-0.0036575982554701374,Long,Closed,54,-60.02627499999835,-120.0525499999967,-123.0525499999967
55,55,0,1.0,2024-01-05 13:58:00,16396.6395,0.0,2024-01-05 16:21:00,16527.84705,0.0,131.20754999999917,0.008002100064467428,Long,Closed,55,131.20754999999917,262.41509999999835,259.41509999999835
56,56,0,1.0,2024-01-05 17:52:00,16478.6477,0.0,2024-01-05 18:04:00,16444.105425,0.0,-34.54227499999979,-0.0020961838391629546,Long,Closed,56,-34.54227499999979,-69.08454999999958,-72.08454999999958
57,57,0,1.0,2024-01-05 18:32:00,16493.14915,0.0,2024-01-05 19:20:00,16475.102325,0.0,-18.046825000001263,-0.0010942012853865002,Long,Closed,57,-18.046825000001263,-36.093650000002526,-39.093650000002526
58,58,0,1.0,2024-01-05 20:43:00,16431.643,0.0,2024-01-05 21:37:00,16458.603975,0.0,26.96097500000178,0.0016407960542960786,Long,Closed,58,26.96097500000178,53.92195000000356,50.92195000000356
59,59,0,1.0,2024-01-05 21:57:00,16467.896625,0.0,2024-01-07 23:38:00,16471.602675000002,0.0,3.706050000000687,0.00022504695556410724,Long,Closed,59,3.706050000000687,7.412100000001374,4.412100000001374
60,60,0,1.0,2024-01-07 23:57:00,16485.14835,0.0,2024-01-08 01:04:00,16489.3509,0.0,4.202550000001793,0.00025492946200886285,Long,Closed,60,4.202550000001793,8.405100000003586,5.405100000003586
61,61,0,1.0,2024-01-08 01:11:00,16500.14985,0.0,2024-01-08 01:32:00,16489.600875,0.0,-10.54897500000152,-0.0006393260119393108,Long,Closed,61,-10.54897500000152,-21.09795000000304,-24.09795000000304
62,62,0,1.0,2024-01-08 02:54:00,16464.14625,0.0,2024-01-08 03:01:00,16458.603975,0.0,-5.5422749999997905,-0.00033662692956215633,Long,Closed,62,-5.5422749999997905,-11.084549999999581,-14.084549999999581
63,63,0,1.0,2024-01-08 04:18:00,16447.394575,0.0,2024-01-08 05:30:00,16445.3553,0.0,-2.0392749999991793,-0.00012398772283963276,Long,Closed,63,-2.0392749999991793,-4.0785499999983585,-7.0785499999983585
64,64,0,1.0,2024-01-08 06:09:00,16452.6451,0.0,2024-01-08 06:34:00,16437.106125,0.0,-15.53897500000312,-0.0009444666742372701,Long,Closed,64,-15.53897500000312,-31.07795000000624,-34.07795000000624
65,65,0,1.0,2024-01-08 07:02:00,16447.14455,0.0,2024-01-08 07:39:00,16439.3559,0.0,-7.788650000002235,-0.00047355636574631033,Long,Closed,65,-7.788650000002235,-15.57730000000447,-18.57730000000447
66,66,0,1.0,2024-01-08 08:24:00,16448.394675,0.0,2024-01-08 08:45:00,16436.606175,0.0,-11.788499999998749,-0.0007166960808592556,Long,Closed,66,-11.788499999998749,-23.576999999997497,-26.576999999997497
67,67,0,1.0,2024-01-08 09:55:00,16423.14215,0.0,2024-01-08 10:53:00,16423.357500000002,0.0,0.2153500000022177,1.3112594291355977e-05,Long,Closed,67,0.2153500000022177,0.4307000000044354,-2.5692999999955646
68,68,0,1.0,2024-01-08 11:16:00,16445.894425,0.0,2024-01-08 12:37:00,16459.103925,0.0,13.209500000000844,0.0008032095828075246,Long,Closed,68,13.209500000000844,26.419000000001688,23.419000000001688
69,69,0,1.0,2024-01-08 13:00:00,16486.14845,0.0,2024-01-08 13:53:00,16483.101525000002,0.0,-3.046924999998737,-0.0001848172730725797,Long,Closed,69,-3.046924999998737,-6.093849999997474,-9.093849999997474
70,70,0,1.0,2024-01-08 14:16:00,16500.14985,0.0,2024-01-08 16:17:00,16645.3353,0.0,145.18544999999722,0.008799038270552265,Long,Closed,70,145.18544999999722,290.37089999999444,287.37089999999444
71,71,0,1.0,2024-01-08 16:39:00,16669.416775,0.0,2024-01-08 20:37:00,16780.571775,0.0,111.15499999999884,0.00666819970370552,Long,Closed,71,111.15499999999884,222.30999999999767,219.30999999999767
72,72,0,1.0,2024-01-08 20:38:00,16789.428775,0.0,2024-01-08 21:21:00,16793.070525,0.0,3.641749999998865,0.00021690732000492763,Long,Closed,72,3.641749999998865,7.28349999999773,4.28349999999773
73,73,0,1.0,2024-01-08 21:22:00,16797.429575,0.0,2024-01-08 21:24:00,16792.070625,0.0,-5.3589499999980035,-0.0003190339317138053,Long,Closed,73,-5.3589499999980035,-10.717899999996007,-13.717899999996007
74,74,0,1.0,2024-01-08 23:48:00,16787.428574999998,0.0,2024-01-09 00:26:00,16784.071425000002,0.0,-3.3571499999961816,-0.0001999800019995726,Long,Closed,74,-3.3571499999961816,-6.714299999992363,-9.714299999992363
75,75,0,1.0,2024-01-09 00:28:00,16787.428574999998,0.0,2024-01-09 00:31:00,16783.82145,0.0,-3.607124999998632,-0.00021487060891329108,Long,Closed,75,-3.607124999998632,-7.214249999997264,-10.214249999997264
76,76,0,1.0,2024-01-09 00:53:00,16791.428975,0.0,2024-01-09 01:37:00,16784.821350000002,0.0,-6.607624999996915,-0.0003935117737647409,Long,Closed,76,-6.607624999996915,-13.21524999999383,-16.21524999999383
77,77,0,1.0,2024-01-09 01:57:00,16790.17885,0.0,2024-01-09 02:58:00,16791.3207,0.0,1.1418499999999767,6.800701828140304e-05,Long,Closed,77,1.1418499999999767,2.2836999999999534,-0.7163000000000466
78,78,0,1.0,2024-01-09 03:00:00,16796.429475,0.0,2024-01-09 03:01:00,16792.070625,0.0,-4.35885000000053,-0.00025951051123622985,Long,Closed,78,-4.35885000000053,-8.71770000000106,-11.71770000000106
79,79,0,1.0,2024-01-09 03:02:00,16795.17935,0.0,2024-01-09 03:14:00,16788.82095,0.0,-6.358399999997346,-0.00037858482291213796,Long,Closed,79,-6.358399999997346,-12.716799999994691,-15.716799999994691
80,80,0,1.0,2024-01-09 04:50:00,16785.6784,0.0,2024-01-09 05:22:00,16780.571775,0.0,-5.106625000000349,-0.00030422511847959325,Long,Closed,80,-5.106625000000349,-10.213250000000698,-13.213250000000698
81,81,0,1.0,2024-01-09 06:31:00,16779.6778,0.0,2024-01-09 07:05:00,16775.072325,0.0,-4.605475000000297,-0.00027446742749734425,Long,Closed,81,-4.605475000000297,-9.210950000000594,-12.210950000000594
82,82,0,1.0,2024-01-09 09:06:00,16746.17445,0.0,2024-01-09 09:10:00,16732.076625,0.0,-14.097824999997101,-0.0008418534658222853,Long,Closed,82,-14.097824999997101,-28.195649999994203,-31.195649999994203
83,83,0,1.0,2024-01-09 09:45:00,16741.17395,0.0,2024-01-09 10:08:00,16727.82705,0.0,-13.34690000000046,-0.0007972499443505549,Long,Closed,83,-13.34690000000046,-26.69380000000092,-29.69380000000092
84,84,0,1.0,2024-01-09 10:19:00,16738.6737,0.0,2024-01-09 10:32:00,16731.3267,0.0,-7.346999999997934,-0.0004389236645432627,Long,Closed,84,-7.346999999997934,-14.693999999995867,-17.693999999995867
85,85,0,1.0,2024-01-09 12:15:00,16710.920925,0.0,2024-01-09 13:08:00,16709.078925,0.0,-1.841999999996915,-0.00011022731830663097,Long,Closed,85,-1.841999999996915,-3.68399999999383,-6.68399999999383
86,86,0,1.0,2024-01-09 14:17:00,16677.917625,0.0,2024-01-09 14:52:00,16671.3327,0.0,-6.5849249999992026,-0.0003948289677440593,Long,Closed,86,-6.5849249999992026,-13.169849999998405,-16.169849999998405
87,87,0,1.0,2024-01-09 14:58:00,16697.16955,0.0,2024-01-09 17:39:00,16822.81755,0.0,125.64800000000105,0.0075251077509721435,Long,Closed,87,125.64800000000105,251.2960000000021,248.2960000000021
88,88,0,1.0,2024-01-09 17:45:00,16833.433175,0.0,2024-01-09 18:29:00,16831.3167,0.0,-2.1164749999989,-0.00012573044238784048,Long,Closed,88,-2.1164749999989,-4.2329499999978,-7.2329499999978
89,89,0,1.0,2024-01-09 18:55:00,16855.18535,0.0,2024-01-09 19:22:00,16829.81685,0.0,-25.368500000000495,-0.0015050857924858415,Long,Closed,89,-25.368500000000495,-50.73700000000099,-53.73700000000099
90,90,0,1.0,2024-01-09 20:01:00,16835.933425,0.0,2024-01-09 20:14:00,16817.81805,0.0,-18.115374999997584,-0.0010759946919900335,Long,Closed,90,-18.115374999997584,-36.23074999999517,-39.23074999999517
91,91,0,1.0,2024-01-09 20:20:00,16827.18255,0.0,2024-01-09 20:35:00,16816.568175,0.0,-10.614375000001019,-0.000630787416043158,Long,Closed,91,-10.614375000001019,-21.228750000002037,-24.228750000002037
92,92,0,1.0,2024-01-09 20:59:00,16833.6832,0.0,2024-01-09 21:38:00,16826.567175,0.0,-7.116024999999354,-0.0004227253724246963,Long,Closed,92,-7.116024999999354,-14.232049999998708,-17.232049999998708
93,93,0,1.0,2024-01-09 21:48:00,16833.18315,0.0,2024-01-09 23:01:00,16823.567475,0.0,-9.61567500000092,-0.0005712333142410394,Long,Closed,93,-9.61567500000092,-19.23135000000184,-22.23135000000184
94,94,0,1.0,2024-01-09 23:34:00,16828.6827,0.0,2024-01-10 00:46:00,16837.566075,0.0,8.883374999997613,0.0005278710852393464,Long,Closed,94,8.883374999997613,17.766749999995227,14.766749999995227
95,95,0,1.0,2024-01-10 01:56:00,16836.433474999998,0.0,2024-01-10 02:33:00,16832.566575,0.0,-3.8668999999972584,-0.00022967453325189817,Long,Closed,95,-3.8668999999972584,-7.733799999994517,-10.733799999994517
96,96,0,1.0,2024-01-10 02:40:00,16838.933725,0.0,2024-01-10 03:06:00,16833.066525000002,0.0,-5.867199999996956,-0.00034843061299577366,Long,Closed,96,-5.867199999996956,-11.734399999993911,-14.734399999993911
97,97,0,1.0,2024-01-10 04:08:00,16833.433175,0.0,2024-01-10 04:38:00,16827.067125,0.0,-6.366049999996903,-0.0003781789450681622,Long,Closed,97,-6.366049999996903,-12.732099999993807,-15.732099999993807
98,98,0,1.0,2024-01-10 05:54:00,16829.432775,0.0,2024-01-10 06:31:00,16822.3176,0.0,-7.115175000002637,-0.0004227816287767094,Long,Closed,98,-7.115175000002637,-14.230350000005274,-17.230350000005274
99,99,0,1.0,2024-01-10 07:17:00,16824.432275,0.0,2024-01-10 08:43:00,16848.564975,0.0,24.132700000001932,0.0014343842101502313,Long,Closed,99,24.132700000001932,48.265400000003865,45.265400000003865
100,100,0,1.0,2024-01-10 08:48:00,16862.436075,0.0,2024-01-10 09:56:00,16894.560375,0.0,32.124299999999494,0.0019050806097718291,Long,Closed,100,32.124299999999494,64.24859999999899,61.24859999999899
101,101,0,1.0,2024-01-10 10:04:00,16898.939725,0.0,2024-01-10 10:14:00,16893.81045,0.0,-5.129274999999325,-0.00030352643914169147,Long,Closed,101,-5.129274999999325,-10.25854999999865,-13.25854999999865
102,102,0,1.0,2024-01-10 11:11:00,16877.6876,0.0,2024-01-10 11:25:00,16870.3128,0.0,-7.3748000000014144,-0.00043695559337177293,Long,Closed,102,-7.3748000000014144,-14.749600000002829,-17.74960000000283
103,103,0,1.0,2024-01-10 12:09:00,16856.6855,0.0,2024-01-10 12:42:00,16843.565475,0.0,-13.120025000000169,-0.0007783276848820706,Long,Closed,103,-13.120025000000169,-26.240050000000338,-29.240050000000338
104,104,0,1.0,2024-01-10 14:17:00,16833.18315,0.0,2024-01-10 14:55:00,16821.067725,0.0,-12.11542499999996,-0.0007197346391374563,Long,Closed,104,-12.11542499999996,-24.23084999999992,-27.23084999999992
105,105,0,1.0,2024-01-10 15:18:00,16850.934925,0.0,2024-01-10 16:16:00,16855.81425,0.0,4.879324999998062,0.0002895581177967229,Long,Closed,105,4.879324999998062,9.758649999996123,6.758649999996123
106,106,0,1.0,2024-01-10 16:47:00,16882.18805,0.0,2024-01-10 20:22:00,16939.3059,0.0,57.117849999998725,0.003383320327367087,Long,Closed,106,57.117849999998725,114.23569999999745,111.23569999999745
107,107,0,1.0,2024-01-10 21:04:00,16946.19445,0.0,2024-01-10 23:03:00,16944.555375,0.0,-1.6390749999991385,-9.672230569732065e-05,Long,Closed,107,-1.6390749999991385,-3.278149999998277,-6.278149999998277
108,108,0,1.0,2024-01-10 23:17:00,16958.945725,0.0,2024-01-11 00:14:00,16961.80365,0.0,2.8579250000002503,0.00016852020440086938,Long,Closed,108,2.8579250000002503,5.715850000000501,2.7158500000005006
109,109,0,1.0,2024-01-11 00:19:00,16965.446375,0.0,2024-01-11 02:02:00,16982.051625,0.0,16.605250000000524,0.0009787688241713313,Long,Closed,109,16.605250000000524,33.21050000000105,30.210500000001048
110,110,0,1.0,2024-01-11 02:03:00,16987.948625,0.0,2024-01-11 02:45:00,16988.301,0.0,0.3523749999985739,2.0742645729455982e-05,Long,Closed,110,0.3523749999985739,0.7047499999971478,-2.295250000002852
111,111,0,1.0,2024-01-11 02:56:00,16993.949225,0.0,2024-01-11 04:31:00,17000.2998,0.0,6.35057500000039,0.00037369624422897436,Long,Closed,111,6.35057500000039,12.70115000000078,9.70115000000078
112,112,0,1.0,2024-01-11 05:08:00,17001.950025,0.0,2024-01-11 05:29:00,16996.050225,0.0,-5.899799999999232,-0.0003470072545398646,Long,Closed,112,-5.899799999999232,-11.799599999998463,-14.799599999998463
113,113,0,1.0,2024-01-11 05:48:00,17002.20005,0.0,2024-01-11 05:53:00,16996.050225,0.0,-6.149825000000419,-0.00036170760148186937,Long,Closed,113,-6.149825000000419,-12.299650000000838,-15.299650000000838
114,114,0,1.0,2024-01-11 06:16:00,17001.7,0.0,2024-01-11 07:23:00,17010.548775,0.0,8.848774999998568,0.0005204641300574982,Long,Closed,114,8.848774999998568,17.697549999997136,14.697549999997136
115,115,0,1.0,2024-01-11 07:26:00,17015.451375,0.0,2024-01-11 07:39:00,17008.548975,0.0,-6.902399999999034,-0.0004056548279489314,Long,Closed,115,-6.902399999999034,-13.804799999998068,-16.804799999998068
116,116,0,1.0,2024-01-11 07:44:00,17015.20135,0.0,2024-01-11 07:58:00,17008.548975,0.0,-6.652374999997846,-0.0003909665753087222,Long,Closed,116,-6.652374999997846,-13.304749999995693,-16.304749999995693
117,117,0,1.0,2024-01-11 08:12:00,17018.951725,0.0,2024-01-11 09:07:00,17026.547175,0.0,7.59545000000071,0.0004462936450335757,Long,Closed,117,7.59545000000071,15.19090000000142,12.19090000000142
118,118,0,1.0,2024-01-11 10:28:00,17004.200249999998,0.0,2024-01-11 10:41:00,16996.80015,0.0,-7.400099999998929,-0.00043519247545905195,Long,Closed,118,-7.400099999998929,-14.800199999997858,-17.800199999997858
119,119,0,1.0,2024-01-11 10:54:00,17001.950025,0.0,2024-01-11 10:57:00,16998.050025,0.0,-3.899999999997817,-0.00022938545250769362,Long,Closed,119,-3.899999999997817,-7.799999999995634,-10.799999999995634
120,120,0,1.0,2024-01-11 11:01:00,17007.950625,0.0,2024-01-11 11:41:00,17007.049125,0.0,-0.9014999999999418,-5.300462236025228e-05,Long,Closed,120,-0.9014999999999418,-1.8029999999998836,-4.802999999999884
121,121,0,1.0,2024-01-11 12:09:00,17013.7012,0.0,2024-01-11 12:12:00,17000.049825000002,0.0,-13.651374999997643,-0.0008023753820243206,Long,Closed,121,-13.651374999997643,-27.302749999995285,-30.302749999995285
122,122,0,1.0,2024-01-11 12:27:00,17010.20085,0.0,2024-01-11 12:59:00,17001.049725,0.0,-9.15112500000032,-0.000537978656495424,Long,Closed,122,-9.15112500000032,-18.30225000000064,-21.30225000000064
123,123,0,1.0,2024-01-11 13:24:00,17010.450875,0.0,2024-01-11 13:32:00,16903.559475000002,0.0,-106.89139999999679,-0.006283866358715598,Long,Closed,123,-106.89139999999679,-213.78279999999359,-216.78279999999359
124,124,0,1.0,2024-01-11 14:16:00,16960.19585,0.0,2024-01-11 14:52:00,16948.055025,0.0,-12.140824999998586,-0.0007158422642860333,Long,Closed,124,-12.140824999998586,-24.28164999999717,-27.28164999999717
125,125,0,1.0,2024-01-11 15:39:00,16899.939825,0.0,2024-01-11 15:55:00,16845.3153,0.0,-54.624525000002905,-0.0032322319230508206,Long,Closed,125,-54.624525000002905,-109.24905000000581,-112.24905000000581
126,126,0,1.0,2024-01-11 17:10:00,16804.18025,0.0,2024-01-11 17:36:00,16794.070425,0.0,-10.109824999999546,-0.0006016255984875873,Long,Closed,126,-10.109824999999546,-20.219649999999092,-23.219649999999092
127,127,0,1.0,2024-01-11 17:41:00,16812.6811,0.0,2024-01-11 20:11:00,16928.806950000002,0.0,116.12585000000036,0.006907039353764959,Long,Closed,127,116.12585000000036,232.2517000000007,229.2517000000007
128,128,0,1.0,2024-01-11 20:33:00,16959.445775,0.0,2024-01-11 20:37:00,16942.80555,0.0,-16.64022499999919,-0.00098117740525039,Long,Closed,128,-16.64022499999919,-33.28044999999838,-36.28044999999838
129,129,0,1.0,2024-01-11 20:55:00,16956.945525,0.0,2024-01-11 21:39:00,16960.553775,0.0,3.608250000001135,0.0002127889126423985,Long,Closed,129,3.608250000001135,7.21650000000227,4.21650000000227
130,130,0,1.0,2024-01-11 23:29:00,16963.19615,0.0,2024-01-11 23:41:00,16946.80515,0.0,-16.39099999999962,-0.0009662683762575971,Long,Closed,130,-16.39099999999962,-32.78199999999924,-35.78199999999924
131,131,0,1.0,2024-01-12 00:03:00,16960.6959,0.0,2024-01-12 00:35:00,16945.3053,0.0,-15.390599999998813,-0.0009074273892263356,Long,Closed,131,-15.390599999998813,-30.781199999997625,-33.781199999997625
132,132,0,1.0,2024-01-12 01:41:00,16939.943825,0.0,2024-01-12 03:10:00,16952.554575000002,0.0,12.610750000003463,0.0007444387142177235,Long,Closed,132,12.610750000003463,25.221500000006927,22.221500000006927
133,133,0,1.0,2024-01-12 03:25:00,16959.945825,0.0,2024-01-12 03:47:00,16952.80455,0.0,-7.1412749999981315,-0.00042106708793087386,Long,Closed,133,-7.1412749999981315,-14.282549999996263,-17.282549999996263
134,134,0,1.0,2024-01-12 03:51:00,16960.19585,0.0,2024-01-12 04:01:00,16955.3043,0.0,-4.891550000000279,-0.00028841353267747077,Long,Closed,134,-4.891550000000279,-9.783100000000559,-12.783100000000559
135,135,0,1.0,2024-01-12 04:59:00,16948.19465,0.0,2024-01-12 05:46:00,16942.80555,0.0,-5.389100000000326,-0.00031797487055651235,Long,Closed,135,-5.389100000000326,-10.778200000000652,-13.778200000000652
136,136,0,1.0,2024-01-12 06:21:00,16951.695,0.0,2024-01-12 06:44:00,16948.80495,0.0,-2.890049999998155,-0.0001704873760410481,Long,Closed,136,-2.890049999998155,-5.78009999999631,-8.78009999999631
137,137,0,1.0,2024-01-12 06:49:00,16950.6949,0.0,2024-01-12 07:09:00,16939.80585,0.0,-10.889049999997951,-0.0006423954925882096,Long,Closed,137,-10.889049999997951,-21.778099999995902,-24.778099999995902
138,138,0,1.0,2024-01-12 08:10:00,16945.6944,0.0,2024-01-12 08:50:00,16941.555675,0.0,-4.138725000000704,-0.0002442346062844556,Long,Closed,138,-4.138725000000704,-8.277450000001409,-11.277450000001409
139,139,0,1.0,2024-01-12 08:59:00,16963.446175,0.0,2024-01-12 09:26:00,16943.80545,0.0,-19.64072500000111,-0.0011578263518734046,Long,Closed,139,-19.64072500000111,-39.28145000000222,-42.28145000000222
140,140,0,1.0,2024-01-12 10:26:00,16944.6943,0.0,2024-01-12 10:45:00,16926.80715,0.0,-17.887149999998655,-0.0010556195162516834,Long,Closed,140,-17.887149999998655,-35.77429999999731,-38.77429999999731
141,141,0,1.0,2024-01-12 12:16:00,16904.19025,0.0,2024-01-12 13:14:00,16901.059725,0.0,-3.130525000000489,-0.000185192248413111,Long,Closed,141,-3.130525000000489,-6.261050000000978,-9.261050000000978
142,142,0,1.0,2024-01-12 13:32:00,16953.945225,0.0,2024-01-12 15:03:00,16951.554675,0.0,-2.3905500000000757,-0.00014100257894398592,Long,Closed,142,-2.3905500000000757,-4.781100000000151,-7.781100000000151
143,143,0,1.0,2024-01-12 16:11:00,16982.6981,0.0,2024-01-12 16:41:00,16936.056225,0.0,-46.641875000001164,-0.002746434914249648,Long,Closed,143,-46.641875000001164,-93.28375000000233,-96.28375000000233
144,144,0,1.0,2024-01-12 17:20:00,16952.19505,0.0,2024-01-12 17:51:00,16934.3064,0.0,-17.888649999997142,-0.0010552409258644735,Long,Closed,144,-17.888649999997142,-35.777299999994284,-38.777299999994284
145,145,0,1.0,2024-01-12 17:54:00,16959.19575,0.0,2024-01-12 19:28:00,16973.3025,0.0,14.106750000002648,0.0008318053643553616,Long,Closed,145,14.106750000002648,28.213500000005297,25.213500000005297
146,146,0,1.0,2024-01-12 20:34:00,16956.445475,0.0,2024-01-12 21:14:00,16960.053825,0.0,3.608349999998609,0.0002128010853052095,Long,Closed,146,3.608349999998609,7.216699999997218,4.216699999997218
147,147,0,1.0,2024-01-14 23:02:00,16957.945625,0.0,2024-01-14 23:06:00,16939.055925,0.0,-18.88969999999972,-0.001113914410254498,Long,Closed,147,-18.88969999999972,-37.77939999999944,-40.77939999999944
148,148,0,1.0,2024-01-14 23:39:00,16950.19485,0.0,2024-01-14 23:59:00,16943.055525,0.0,-7.139325000000099,-0.0004211942731738036,Long,Closed,148,-7.139325000000099,-14.278650000000198,-17.278650000000198
149,149,0,1.0,2024-01-15 00:27:00,16951.444975,0.0,2024-01-15 01:26:00,16949.80485,0.0,-1.6401249999980791,-9.675428864128908e-05,Long,Closed,149,-1.6401249999980791,-3.2802499999961583,-6.280249999996158
150,150,0,1.0,2024-01-15 01:47:00,16958.6957,0.0,2024-01-15 04:07:00,16982.3016,0.0,23.605899999998655,0.0013919643596175062,Long,Closed,150,23.605899999998655,47.21179999999731,44.21179999999731
151,151,0,1.0,2024-01-15 04:31:00,16989.6988,0.0,2024-01-15 05:14:00,16983.051525,0.0,-6.647274999999354,-0.0003912532575326971,Long,Closed,151,-6.647274999999354,-13.294549999998708,-16.294549999998708
152,152,0,1.0,2024-01-15 06:02:00,16987.6986,0.0,2024-01-15 07:29:00,17003.049525,0.0,15.350924999998824,0.0009036494796298554,Long,Closed,152,15.350924999998824,30.70184999999765,27.70184999999765
153,153,0,1.0,2024-01-15 08:10:00,17011.701,0.0,2024-01-15 08:36:00,16988.80095,0.0,-22.900050000000192,-0.0013461352277470777,Long,Closed,153,-22.900050000000192,-45.800100000000384,-48.800100000000384
154,154,0,1.0,2024-01-15 09:24:00,16983.19815,0.0,2024-01-15 09:44:00,16963.80345,0.0,-19.39470000000074,-0.0011419933883301443,Long,Closed,154,-19.39470000000074,-38.78940000000148,-41.78940000000148
155,155,0,1.0,2024-01-15 10:27:00,16972.447075,0.0,2024-01-15 11:08:00,16957.054125,0.0,-15.392950000001292,-0.0009069375754704654,Long,Closed,155,-15.392950000001292,-30.785900000002584,-33.785900000002584
156,156,0,1.0,2024-01-15 11:43:00,16971.19695,0.0,2024-01-15 12:40:00,16970.80275,0.0,-0.39420000000245636,-2.3227589731227315e-05,Long,Closed,156,-0.39420000000245636,-0.7884000000049127,-3.7884000000049127
157,157,0,1.0,2024-01-15 13:28:00,16968.946725,0.0,2024-01-15 13:44:00,16956.554175,0.0,-12.392550000000483,-0.0007303075553736516,Long,Closed,157,-12.392550000000483,-24.785100000000966,-27.785100000000966
158,158,0,1.0,2024-01-15 14:32:00,16964.6963,0.0,2024-01-15 14:51:00,16946.555175,0.0,-18.141124999998283,-0.001069345697629629,Long,Closed,158,-18.141124999998283,-36.282249999996566,-39.282249999996566
159,159,0,1.0,2024-01-15 15:29:00,16955.945424999998,0.0,2024-01-15 16:22:00,16961.553675,0.0,5.608250000001135,0.00033075419031086765,Long,Closed,159,5.608250000001135,11.21650000000227,8.21650000000227
160,160,0,1.0,2024-01-15 16:31:00,16973.947225,0.0,2024-01-15 16:52:00,16967.3031,0.0,-6.644124999998894,-0.00039143075631890297,Long,Closed,160,-6.644124999998894,-13.288249999997788,-16.288249999997788
161,161,0,1.0,2024-01-15 17:14:00,16973.6972,0.0,2024-01-15 17:24:00,16965.053325,0.0,-8.643874999997934,-0.0005092511606721683,Long,Closed,161,-8.643874999997934,-17.287749999995867,-20.287749999995867
162,162,0,1.0,2024-01-15 17:29:00,16972.6971,0.0,2024-01-15 17:45:00,16964.053425000002,0.0,-8.643674999999348,-0.0005092693841805111,Long,Closed,162,-8.643674999999348,-17.287349999998696,-20.287349999998696
163,163,0,1.0,2024-01-16 01:31:00,16905.19035,0.0,2024-01-16 02:33:00,16904.059425,0.0,-1.130925000001298,-6.689809322385406e-05,Long,Closed,163,-1.130925000001298,-2.261850000002596,-5.261850000002596
164,164,0,1.0,2024-01-16 04:02:00,16896.439475,0.0,2024-01-16 04:34:00,16891.560675,0.0,-4.878799999998591,-0.0002887472243615155,Long,Closed,164,-4.878799999998591,-9.757599999997183,-12.757599999997183
165,165,0,1.0,2024-01-16 05:02:00,16895.6894,0.0,2024-01-16 05:08:00,16890.3108,0.0,-5.378600000000006,-0.00031834155284601797,Long,Closed,165,-5.378600000000006,-10.757200000000012,-13.757200000000012
166,166,0,1.0,2024-01-16 05:14:00,16895.939425,0.0,2024-01-16 05:30:00,16891.060725,0.0,-4.878700000001118,-0.0002887498515046977,Long,Closed,166,-4.878700000001118,-9.757400000002235,-12.757400000002235
167,167,0,1.0,2024-01-16 06:35:00,16878.18765,0.0,2024-01-16 07:15:00,16871.562675,0.0,-6.624974999998813,-0.0003925169655285123,Long,Closed,167,-6.624974999998813,-13.249949999997625,-16.249949999997625
168,168,0,1.0,2024-01-16 07:37:00,16881.938025,0.0,2024-01-16 08:03:00,16844.3154,0.0,-37.62262499999997,-0.002228572628585987,Long,Closed,168,-37.62262499999997,-75.24524999999994,-78.24524999999994
169,169,0,1.0,2024-01-16 08:49:00,16839.933825,0.0,2024-01-16 09:31:00,16840.065825,0.0,0.1320000000014261,7.838510612521727e-06,Long,Closed,169,0.1320000000014261,0.2640000000028522,-2.735999999997148
170,170,0,1.0,2024-01-16 09:38:00,16862.18605,0.0,2024-01-16 09:51:00,16845.81525,0.0,-16.3708000000006,-0.0009708586983596116,Long,Closed,170,-16.3708000000006,-32.7416000000012,-35.7416000000012
171,171,0,1.0,2024-01-16 10:00:00,16856.18545,0.0,2024-01-16 10:05:00,16848.81495,0.0,-7.370500000000902,-0.000437257885057316,Long,Closed,171,-7.370500000000902,-14.741000000001804,-17.741000000001804
172,172,0,1.0,2024-01-16 10:44:00,16851.434975,0.0,2024-01-16 13:15:00,16892.560575,0.0,41.125599999999395,0.0024404805917722385,Long,Closed,172,41.125599999999395,82.25119999999879,79.25119999999879
173,173,0,1.0,2024-01-16 13:38:00,16916.6915,0.0,2024-01-16 13:56:00,16891.560675,0.0,-25.130825000000186,-0.0014855638290737988,Long,Closed,173,-25.130825000000186,-50.26165000000037,-53.26165000000037
174,174,0,1.0,2024-01-16 14:30:00,16918.441675,0.0,2024-01-16 14:47:00,16867.563075000002,0.0,-50.87859999999637,-0.003007286426100256,Long,Closed,174,-50.87859999999637,-101.75719999999274,-104.75719999999274
175,175,0,1.0,2024-01-16 15:03:00,16926.6925,0.0,2024-01-16 16:05:00,16962.053625,0.0,35.36112499999945,0.002089074696666194,Long,Closed,175,35.36112499999945,70.7222499999989,67.7222499999989
176,176,0,1.0,2024-01-16 16:26:00,17010.950925,0.0,2024-01-16 16:48:00,16975.052325,0.0,-35.89860000000044,-0.0021103229418669572,Long,Closed,176,-35.89860000000044,-71.79720000000088,-74.79720000000088
177,177,0,1.0,2024-01-16 18:17:00,16936.19345,0.0,2024-01-16 18:48:00,16915.3083,0.0,-20.885149999998248,-0.0012331667125589103,Long,Closed,177,-20.885149999998248,-41.770299999996496,-44.770299999996496
178,178,0,1.0,2024-01-16 19:40:00,16900.6899,0.0,2024-01-16 20:37:00,16926.557175,0.0,25.867275000000518,0.0015305455074943726,Long,Closed,178,25.867275000000518,51.734550000001036,48.734550000001036
179,179,0,1.0,2024-01-16 20:44:00,16937.443575,0.0,2024-01-16 23:13:00,16971.80265,0.0,34.3590750000003,0.002028586831764563,Long,Closed,179,34.3590750000003,68.7181500000006,65.7181500000006
180,180,0,1.0,2024-01-16 23:55:00,16981.19795,0.0,2024-01-17 00:11:00,16970.80275,0.0,-10.39520000000266,-0.0006121594030415656,Long,Closed,180,-10.39520000000266,-20.79040000000532,-23.79040000000532
181,181,0,1.0,2024-01-17 01:25:00,16961.696,0.0,2024-01-17 01:42:00,16953.054525,0.0,-8.641475000000355,-0.000509469984605334,Long,Closed,181,-8.641475000000355,-17.28295000000071,-20.28295000000071
182,182,0,1.0,2024-01-17 04:34:00,16917.941625,0.0,2024-01-17 05:07:00,16914.80835,0.0,-3.1332750000001397,-0.00018520426831181597,Long,Closed,182,-3.1332750000001397,-6.266550000000279,-9.26655000000028
183,183,0,1.0,2024-01-17 07:57:00,16837.18355,0.0,2024-01-17 08:54:00,16836.3162,0.0,-0.8673500000004424,-5.1513960005528495e-05,Long,Closed,183,-0.8673500000004424,-1.7347000000008848,-4.734700000000885
184,184,0,1.0,2024-01-17 09:27:00,16855.935425,0.0,2024-01-17 10:32:00,16867.563075000002,0.0,11.627650000002177,0.0006898252577994898,Long,Closed,184,11.627650000002177,23.255300000004354,20.255300000004354
185,185,0,1.0,2024-01-17 11:03:00,16871.937025,0.0,2024-01-17 11:08:00,16863.81345,0.0,-8.1235749999978,-0.00048148443109766767,Long,Closed,185,-8.1235749999978,-16.2471499999956,-19.2471499999956
186,186,0,1.0,2024-01-17 11:30:00,16871.436975,0.0,2024-01-17 12:43:00,16885.3113,0.0,13.874325000000681,0.0008223558562652118,Long,Closed,186,13.874325000000681,27.748650000001362,24.748650000001362
187,187,0,1.0,2024-01-17 12:58:00,16901.18995,0.0,2024-01-17 13:01:00,16880.81175,0.0,-20.378199999999197,-0.0012057257542389314,Long,Closed,187,-20.378199999999197,-40.75639999999839,-43.75639999999839
188,188,0,1.0,2024-01-17 14:18:00,16840.433875,0.0,2024-01-17 14:28:00,16817.068125,0.0,-23.365749999997206,-0.0013874790978327574,Long,Closed,188,-23.365749999997206,-46.73149999999441,-49.73149999999441
189,189,0,1.0,2024-01-17 15:27:00,16754.925325,0.0,2024-01-17 16:56:00,16805.3193,0.0,50.393974999999045,0.0030077111071814965,Long,Closed,189,50.393974999999045,100.78794999999809,97.78794999999809
190,190,0,1.0,2024-01-17 17:57:00,16809.6808,0.0,2024-01-17 18:17:00,16779.071925,0.0,-30.60887499999808,-0.0018209075689288568,Long,Closed,190,-30.60887499999808,-61.21774999999616,-64.21774999999616
191,191,0,1.0,2024-01-17 19:04:00,16767.426575,0.0,2024-01-17 20:10:00,16816.81815,0.0,49.39157499999783,0.0029456860764573126,Long,Closed,191,49.39157499999783,98.78314999999566,95.78314999999566
192,192,0,1.0,2024-01-17 20:38:00,16837.6836,0.0,2024-01-17 21:34:00,16859.81385,0.0,22.13024999999834,0.0013143286526656399,Long,Closed,192,22.13024999999834,44.26049999999668,41.26049999999668
193,193,0,1.0,2024-01-17 21:48:00,16863.936225,0.0,2024-01-17 23:01:00,16850.064825,0.0,-13.871399999999994,-0.0008225481770641594,Long,Closed,193,-13.871399999999994,-27.74279999999999,-30.74279999999999
194,194,0,1.0,2024-01-17 23:26:00,16855.935425,0.0,2024-01-18 00:00:00,16852.064625,0.0,-3.8708000000005995,-0.00022964017732647428,Long,Closed,194,-3.8708000000005995,-7.741600000001199,-10.741600000001199
195,195,0,1.0,2024-01-18 00:20:00,16856.435475,0.0,2024-01-18 00:27:00,16847.81505,0.0,-8.62042499999734,-0.000511402604232811,Long,Closed,195,-8.62042499999734,-17.24084999999468,-20.24084999999468
196,196,0,1.0,2024-01-18 00:37:00,16857.18555,0.0,2024-01-18 01:27:00,16861.063725,0.0,3.8781750000016473,0.00023006064615582568,Long,Closed,196,3.8781750000016473,7.7563500000032946,4.7563500000032946
197,197,0,1.0,2024-01-18 02:02:00,16862.6861,0.0,2024-01-18 02:43:00,16856.564175,0.0,-6.1219249999994645,-0.00036304565973030033,Long,Closed,197,-6.1219249999994645,-12.243849999998929,-15.243849999998929
198,198,0,1.0,2024-01-18 03:23:00,16864.936325,0.0,2024-01-18 03:54:00,16851.3147,0.0,-13.621624999999767,-0.0008076890856568217,Long,Closed,198,-13.621624999999767,-27.243249999999534,-30.243249999999534
199,199,0,1.0,2024-01-18 05:09:00,16849.6848,0.0,2024-01-18 05:11:00,16846.565175,0.0,-3.1196249999993597,-0.00018514441290909845,Long,Closed,199,-3.1196249999993597,-6.239249999998719,-9.23924999999872
200,200,0,1.0,2024-01-18 05:14:00,16852.435075,0.0,2024-01-18 07:20:00,16886.561175,0.0,34.12609999999768,0.0020249951919780753,Long,Closed,200,34.12609999999768,68.25219999999536,65.25219999999536
201,201,0,1.0,2024-01-18 07:59:00,16893.6892,0.0,2024-01-18 08:39:00,16892.060625000002,0.0,-1.6285749999988184,-9.640138283109992e-05,Long,Closed,201,-1.6285749999988184,-3.2571499999976368,-6.257149999997637
202,202,0,1.0,2024-01-18 09:08:00,16896.439475,0.0,2024-01-18 09:59:00,16917.558075,0.0,21.118600000001607,0.0012498846299096756,Long,Closed,202,21.118600000001607,42.23720000000321,39.23720000000321
203,203,0,1.0,2024-01-18 10:34:00,16920.941925,0.0,2024-01-18 13:34:00,17003.2995,0.0,82.35757500000182,0.004867198017996969,Long,Closed,203,82.35757500000182,164.71515000000363,161.71515000000363
204,204,0,1.0,2024-01-18 13:36:00,17039.953825,0.0,2024-01-18 13:43:00,16995.550275,0.0,-44.403549999999086,-0.0026058491974815597,Long,Closed,204,-44.403549999999086,-88.80709999999817,-91.80709999999817
205,205,0,1.0,2024-01-18 14:13:00,17021.702,0.0,2024-01-18 14:30:00,16994.550375,0.0,-27.15162500000224,-0.0015951181027609484,Long,Closed,205,-27.15162500000224,-54.30325000000448,-57.30325000000448
206,206,0,1.0,2024-01-18 14:31:00,17031.452975,0.0,2024-01-18 15:05:00,16990.3008,0.0,-41.15217499999926,-0.0024162456990842415,Long,Closed,206,-41.15217499999926,-82.30434999999852,-85.30434999999852
207,207,0,1.0,2024-01-18 15:26:00,17025.952425,0.0,2024-01-18 16:06:00,17033.79645,0.0,7.844025000002148,0.0004607099094488482,Long,Closed,207,7.844025000002148,15.688050000004296,12.688050000004296
208,208,0,1.0,2024-01-18 16:16:00,17063.956224999998,0.0,2024-01-18 17:02:00,17049.544875,0.0,-14.411349999998492,-0.0008445491660887389,Long,Closed,208,-14.411349999998492,-28.822699999996985,-31.822699999996985
209,209,0,1.0,2024-01-18 17:50:00,17024.452275,0.0,2024-01-18 17:55:00,17004.049425,0.0,-20.40284999999858,-0.0011984438424465307,Long,Closed,209,-20.40284999999858,-40.80569999999716,-43.80569999999716
210,210,0,1.0,2024-01-18 18:39:00,17003.950225,0.0,2024-01-18 20:42:00,17098.78995,0.0,94.839724999998,0.005577511327959559,Long,Closed,210,94.839724999998,189.679449999996,186.679449999996
211,211,0,1.0,2024-01-18 20:51:00,17113.21115,0.0,2024-01-18 21:03:00,17097.290100000002,0.0,-15.921049999997194,-0.0009303367942139366,Long,Closed,211,-15.921049999997194,-31.84209999999439,-34.84209999999439
212,212,0,1.0,2024-01-18 21:18:00,17114.461275,0.0,2024-01-18 23:02:00,17111.038725,0.0,-3.422550000002957,-0.00019998000199997277,Long,Closed,212,-3.422550000002957,-6.845100000005914,-9.845100000005914
213,213,0,1.0,2024-01-18 23:20:00,17119.961825,0.0,2024-01-19 01:10:00,17143.2855,0.0,23.323675000003277,0.0013623672317974506,Long,Closed,213,23.323675000003277,46.647350000006554,43.647350000006554
214,214,0,1.0,2024-01-19 01:42:00,17151.715,0.0,2024-01-19 02:38:00,17153.534475,0.0,1.8194750000002387,0.0001060812286118466,Long,Closed,214,1.8194750000002387,3.6389500000004773,0.6389500000004773
215,215,0,1.0,2024-01-19 02:44:00,17159.715799999998,0.0,2024-01-19 03:30:00,17165.033325,0.0,5.317525000002206,0.00030988421148572907,Long,Closed,215,5.317525000002206,10.635050000004412,7.635050000004412
216,216,0,1.0,2024-01-19 03:48:00,17171.717,0.0,2024-01-19 04:13:00,17165.78325,0.0,-5.9337500000001455,-0.0003455536799261335,Long,Closed,216,-5.9337500000001455,-11.867500000000291,-14.867500000000291
217,217,0,1.0,2024-01-19 04:49:00,17169.966825,0.0,2024-01-19 04:53:00,17164.78335,0.0,-5.183474999997998,-0.0003018919636146704,Long,Closed,217,-5.183474999997998,-10.366949999995995,-13.366949999995995
218,218,0,1.0,2024-01-19 05:02:00,17175.467375,0.0,2024-01-19 05:15:00,17168.78295,0.0,-6.6844249999994645,-0.0003891844602569055,Long,Closed,218,-6.6844249999994645,-13.368849999998929,-16.36884999999893
219,219,0,1.0,2024-01-19 05:18:00,17171.967024999998,0.0,2024-01-19 05:20:00,17164.533375,0.0,-7.433649999999034,-0.0004328944953817272,Long,Closed,219,-7.433649999999034,-14.867299999998068,-17.867299999998068
220,220,0,1.0,2024-01-19 06:15:00,17163.966225,0.0,2024-01-19 07:07:00,17155.78425,0.0,-8.181974999999511,-0.00047669489048994627,Long,Closed,220,-8.181974999999511,-16.363949999999022,-19.363949999999022
221,221,0,1.0,2024-01-19 07:20:00,17187.7186,0.0,2024-01-19 08:11:00,17167.533075,0.0,-20.18552500000078,-0.0011744156085962904,Long,Closed,221,-20.18552500000078,-40.37105000000156,-43.37105000000156
222,222,0,1.0,2024-01-19 08:45:00,17184.7183,0.0,2024-01-19 09:41:00,17204.029425,0.0,19.311125000000175,0.0011237382343358038,Long,Closed,222,19.311125000000175,38.62225000000035,35.62225000000035
223,223,0,1.0,2024-01-19 10:00:00,17227.7226,0.0,2024-01-19 10:35:00,17221.77765,0.0,-5.944950000000972,-0.00034508043448534353,Long,Closed,223,-5.944950000000972,-11.889900000001944,-14.889900000001944
224,224,0,1.0,2024-01-19 10:36:00,17228.22265,0.0,2024-01-19 12:08:00,17240.525775000002,0.0,12.303125000002183,0.0007141261899121197,Long,Closed,224,12.303125000002183,24.606250000004366,21.606250000004366
225,225,0,1.0,2024-01-19 12:57:00,17241.473975,0.0,2024-01-19 13:34:00,17237.526075,0.0,-3.9478999999992084,-0.00022897694279060084,Long,Closed,225,-3.9478999999992084,-7.895799999998417,-10.895799999998417
226,226,0,1.0,2024-01-19 15:00:00,17209.470775,0.0,2024-01-19 15:11:00,17171.032725,0.0,-38.43805000000066,-0.002233540502351715,Long,Closed,226,-38.43805000000066,-76.87610000000132,-79.87610000000132
227,227,0,1.0,2024-01-19 15:21:00,17212.22105,0.0,2024-01-19 16:41:00,17235.526275,0.0,23.305225000000064,0.0013539928944847047,Long,Closed,227,23.305225000000064,46.61045000000013,43.61045000000013
228,228,0,1.0,2024-01-19 16:59:00,17265.7264,0.0,2024-01-19 19:39:00,17403.009525,0.0,137.28312500000175,0.007951193122115138,Long,Closed,228,137.28312500000175,274.5662500000035,271.5662500000035
229,229,0,1.0,2024-01-19 19:46:00,17423.24215,0.0,2024-01-19 20:46:00,17433.506475000002,0.0,10.264325000003737,0.0005891168194550828,Long,Closed,229,10.264325000003737,20.528650000007474,17.528650000007474
230,230,0,1.0,2024-01-19 20:50:00,17438.7437,0.0,2024-01-21 23:35:00,17477.75205,0.0,39.008350000000064,0.0022368784512843127,Long,Closed,230,39.008350000000064,78.01670000000013,75.01670000000013
231,231,0,1.0,2024-01-21 23:47:00,17492.24905,0.0,2024-01-22 00:02:00,17482.001625,0.0,-10.247424999997747,-0.0005858266121587006,Long,Closed,231,-10.247424999997747,-20.494849999995495,-23.494849999995495
232,232,0,1.0,2024-01-22 00:10:00,17491.999025,0.0,2024-01-22 01:42:00,17543.495475,0.0,51.49644999999873,0.002944000278435799,Long,Closed,232,51.49644999999873,102.99289999999746,99.99289999999746
233,233,0,1.0,2024-01-22 02:16:00,17558.005625,0.0,2024-01-22 02:33:00,17539.2459,0.0,-18.75972499999989,-0.0010684428175195945,Long,Closed,233,-18.75972499999989,-37.51944999999978,-40.51944999999978
234,234,0,1.0,2024-01-22 02:52:00,17551.755,0.0,2024-01-22 03:02:00,17546.995125,0.0,-4.759874999999738,-0.0002711908296349703,Long,Closed,234,-4.759874999999738,-9.519749999999476,-12.519749999999476
235,235,0,1.0,2024-01-22 03:37:00,17551.504975,0.0,2024-01-22 04:42:00,17545.2453,0.0,-6.2596750000011525,-0.0003566460545074228,Long,Closed,235,-6.2596750000011525,-12.519350000002305,-15.519350000002305
236,236,0,1.0,2024-01-22 04:58:00,17553.005125,0.0,2024-01-22 05:30:00,17543.74545,0.0,-9.259675000001153,-0.000527526479600521,Long,Closed,236,-9.259675000001153,-18.519350000002305,-21.519350000002305
237,237,0,1.0,2024-01-22 06:11:00,17548.25465,0.0,2024-01-22 06:26:00,17536.496175,0.0,-11.758474999998725,-0.0006700652135794442,Long,Closed,237,-11.758474999998725,-23.51694999999745,-26.51694999999745
238,238,0,1.0,2024-01-22 06:55:00,17545.25435,0.0,2024-01-22 07:06:00,17537.996025,0.0,-7.258324999998877,-0.0004136916373628335,Long,Closed,238,-7.258324999998877,-14.516649999997753,-17.516649999997753
239,239,0,1.0,2024-01-22 07:15:00,17551.755,0.0,2024-01-22 07:41:00,17541.495675000002,0.0,-10.25932499999908,-0.0005845184712297476,Long,Closed,239,-10.25932499999908,-20.51864999999816,-23.51864999999816
240,240,0,1.0,2024-01-22 08:57:00,17536.25345,0.0,2024-01-22 09:30:00,17527.497075,0.0,-8.756375000000844,-0.0004993298611340978,Long,Closed,240,-8.756375000000844,-17.512750000001688,-20.512750000001688
241,241,0,1.0,2024-01-22 09:56:00,17538.7537,0.0,2024-01-22 10:31:00,17532.496575,0.0,-6.257125000000087,-0.00035675995609654336,Long,Closed,241,-6.257125000000087,-12.514250000000175,-15.514250000000175
242,242,0,1.0,2024-01-22 10:53:00,17539.503775,0.0,2024-01-22 11:02:00,17532.2466,0.0,-7.257175000002462,-0.00041376170575284485,Long,Closed,242,-7.257175000002462,-14.514350000004924,-17.514350000004924
243,243,0,1.0,2024-01-22 11:06:00,17541.503975,0.0,2024-01-22 11:58:00,17537.74605,0.0,-3.7579249999980675,-0.00021423049046158355,Long,Closed,243,-3.7579249999980675,-7.515849999996135,-10.515849999996135
244,244,0,1.0,2024-01-22 12:10:00,17555.005325,0.0,2024-01-22 13:05:00,17557.994025,0.0,2.9887000000016997,0.00017024774101010988,Long,Closed,244,2.9887000000016997,5.977400000003399,2.9774000000033993
245,245,0,1.0,2024-01-22 14:28:00,17534.503275,0.0,2024-01-22 14:47:00,17521.2477,0.0,-13.255574999999226,-0.0007559709443779055,Long,Closed,245,-13.255574999999226,-26.51114999999845,-29.51114999999845
246,246,0,1.0,2024-01-22 14:55:00,17545.004324999998,0.0,2024-01-22 15:06:00,17511.998625,0.0,-33.00569999999789,-0.0018812021580962414,Long,Closed,246,-33.00569999999789,-66.01139999999577,-69.01139999999577
247,247,0,1.0,2024-01-22 16:16:00,17484.7483,0.0,2024-01-22 17:10:00,17466.75315,0.0,-17.99514999999883,-0.0010291912523555647,Long,Closed,247,-17.99514999999883,-35.99029999999766,-38.99029999999766
248,248,0,1.0,2024-01-22 17:30:00,17492.499075,0.0,2024-01-22 17:34:00,17482.2516,0.0,-10.247475000000122,-0.000585821097149329,Long,Closed,248,-10.247475000000122,-20.494950000000244,-23.494950000000244
249,249,0,1.0,2024-01-22 17:55:00,17490.998925,0.0,2024-01-22 18:02:00,17467.2531,0.0,-23.74582499999815,-0.0013576025647144764,Long,Closed,249,-23.74582499999815,-47.4916499999963,-50.4916499999963
250,250,0,1.0,2024-01-22 18:47:00,17467.24655,0.0,2024-01-22 19:20:00,17447.75505,0.0,-19.491500000000087,-0.0011158885256589046,Long,Closed,250,-19.491500000000087,-38.983000000000175,-41.983000000000175
251,251,0,1.0,2024-01-22 19:58:00,17466.24645,0.0,2024-01-22 20:09:00,17460.2538,0.0,-5.99265000000014,-0.00034309890319909805,Long,Closed,251,-5.99265000000014,-11.98530000000028,-14.98530000000028
252,252,0,1.0,2024-01-22 20:12:00,17473.997225,0.0,2024-01-22 20:48:00,17461.503675,0.0,-12.493549999999232,-0.00071497951150666,Long,Closed,252,-12.493549999999232,-24.987099999998463,-27.987099999998463
253,253,0,1.0,2024-01-22 21:37:00,17459.495775,0.0,2024-01-22 23:05:00,17452.2546,0.0,-7.2411749999992026,-0.0004147413587033674,Long,Closed,253,-7.2411749999992026,-14.482349999998405,-17.482349999998405
254,254,0,1.0,2024-01-22 23:08:00,17464.496275,0.0,2024-01-23 00:17:00,17462.503575,0.0,-1.9927000000025146,-0.00011410005582898007,Long,Closed,254,-1.9927000000025146,-3.985400000005029,-6.985400000005029
255,255,0,1.0,2024-01-23 00:36:00,17471.747,0.0,2024-01-23 01:07:00,17465.003325,0.0,-6.743674999997893,-0.00038597599885105324,Long,Closed,255,-6.743674999997893,-13.487349999995786,-16.487349999995786
256,256,0,1.0,2024-01-23 01:58:00,17479.497775,0.0,2024-01-23 02:44:00,17478.501975,0.0,-0.9958000000005995,-5.6969600203550444e-05,Long,Closed,256,-0.9958000000005995,-1.991600000001199,-4.991600000001199
257,257,0,1.0,2024-01-23 03:23:00,17482.998125,0.0,2024-01-23 03:47:00,17472.2526,0.0,-10.745524999998452,-0.0006146271322098225,Long,Closed,257,-10.745524999998452,-21.491049999996903,-24.491049999996903
258,258,0,1.0,2024-01-23 04:13:00,17479.7478,0.0,2024-01-23 04:58:00,17473.002525,0.0,-6.745275000001129,-0.0003858908650845139,Long,Closed,258,-6.745275000001129,-13.490550000002258,-16.49055000000226
259,259,0,1.0,2024-01-23 05:08:00,17480.7479,0.0,2024-01-23 05:26:00,17475.75225,0.0,-4.995649999997113,-0.0002857801066965283,Long,Closed,259,-4.995649999997113,-9.991299999994226,-12.991299999994226
260,260,0,1.0,2024-01-23 06:16:00,17475.497375,0.0,2024-01-23 06:45:00,17469.75285,0.0,-5.744524999998248,-0.0003287188270942273,Long,Closed,260,-5.744524999998248,-11.489049999996496,-14.489049999996496
261,261,0,1.0,2024-01-23 06:49:00,17480.24785,0.0,2024-01-23 07:36:00,17471.002725,0.0,-9.24512500000128,-0.0005288898120515655,Long,Closed,261,-9.24512500000128,-18.49025000000256,-21.49025000000256
262,262,0,1.0,2024-01-23 09:05:00,17446.494475,0.0,2024-01-23 10:05:00,17451.504675,0.0,5.010200000000623,0.00028717516903925896,Long,Closed,262,5.010200000000623,10.020400000001246,7.020400000001246
263,263,0,1.0,2024-01-23 10:30:00,17455.24535,0.0,2024-01-23 10:31:00,17451.2547,0.0,-3.9906499999997322,-0.00022862182226500368,Long,Closed,263,-3.9906499999997322,-7.9812999999994645,-10.981299999999464
264,264,0,1.0,2024-01-23 10:50:00,17451.24495,0.0,2024-01-23 10:55:00,17442.2556,0.0,-8.989349999999831,-0.0005151122470491615,Long,Closed,264,-8.989349999999831,-17.978699999999662,-20.978699999999662
265,265,0,1.0,2024-01-23 11:05:00,17459.7458,0.0,2024-01-23 11:31:00,17451.2547,0.0,-8.491099999999278,-0.0004863243770707863,Long,Closed,265,-8.491099999999278,-16.982199999998556,-19.982199999998556
266,266,0,1.0,2024-01-23 11:32:00,17460.745899999998,0.0,2024-01-23 12:31:00,17467.75305,0.0,7.007150000001275,0.00040130874363169535,Long,Closed,266,7.007150000001275,14.01430000000255,11.01430000000255
267,267,0,1.0,2024-01-23 12:41:00,17485.498375,0.0,2024-01-23 12:52:00,17467.2531,0.0,-18.24527499999749,-0.0010434518141092157,Long,Closed,267,-18.24527499999749,-36.49054999999498,-39.49054999999498
268,268,0,1.0,2024-01-23 13:00:00,17483.748199999998,0.0,2024-01-23 14:00:00,17498.25,0.0,14.501800000001822,0.0008294445695575634,Long,Closed,268,14.501800000001822,29.003600000003644,26.003600000003644
269,269,0,1.0,2024-01-23 14:57:00,17478.497675,0.0,2024-01-23 15:23:00,17447.505075,0.0,-30.992599999997765,-0.001773184433598511,Long,Closed,269,-30.992599999997765,-61.98519999999553,-64.98519999999553
270,270,0,1.0,2024-01-23 15:45:00,17467.7466,0.0,2024-01-23 15:52:00,17451.2547,0.0,-16.49189999999726,-0.0009441343739207471,Long,Closed,270,-16.49189999999726,-32.98379999999452,-35.98379999999452
271,271,0,1.0,2024-01-23 16:06:00,17478.7477,0.0,2024-01-23 16:19:00,17441.505675,0.0,-37.24202499999956,-0.0021307032768714635,Long,Closed,271,-37.24202499999956,-74.48404999999912,-77.48404999999912
272,272,0,1.0,2024-01-23 16:53:00,17454.7453,0.0,2024-01-23 17:25:00,17444.505375,0.0,-10.239924999998038,-0.0005866556528898786,Long,Closed,272,-10.239924999998038,-20.479849999996077,-23.479849999996077
273,273,0,1.0,2024-01-23 17:49:00,17464.496275,0.0,2024-01-23 18:34:00,17466.503175,0.0,2.0069000000003143,0.00011491313396041903,Long,Closed,273,2.0069000000003143,4.013800000000629,1.0138000000006286
274,274,0,1.0,2024-01-23 18:53:00,17488.24865,0.0,2024-01-23 19:17:00,17467.003125,0.0,-21.24552500000209,-0.001214845775880599,Long,Closed,274,-21.24552500000209,-42.49105000000418,-45.49105000000418
275,275,0,1.0,2024-01-23 19:44:00,17485.248349999998,0.0,2024-01-23 20:42:00,17500.499775,0.0,15.2514250000022,0.0008722452603884349,Long,Closed,275,15.2514250000022,30.5028500000044,27.5028500000044
276,276,0,1.0,2024-01-23 20:51:00,17520.7519,0.0,2024-01-24 00:07:00,17571.492675,0.0,50.74077500000203,0.0028960386682949394,Long,Closed,276,50.74077500000203,101.48155000000406,98.48155000000406
277,277,0,1.0,2024-01-24 00:20:00,17579.507775,0.0,2024-01-24 00:32:00,17571.2427,0.0,-8.265074999999342,-0.0004701539488923115,Long,Closed,277,-8.265074999999342,-16.530149999998685,-19.530149999998685
278,278,0,1.0,2024-01-24 00:46:00,17577.007525,0.0,2024-01-24 01:10:00,17571.74265,0.0,-5.264875000000757,-0.0002995319307062057,Long,Closed,278,-5.264875000000757,-10.529750000001513,-13.529750000001513
279,279,0,1.0,2024-01-24 01:37:00,17579.507775,0.0,2024-01-24 02:19:00,17576.492175,0.0,-3.0155999999988126,-0.00017154063916893788,Long,Closed,279,-3.0155999999988126,-6.031199999997625,-9.031199999997625
280,280,0,1.0,2024-01-24 02:36:00,17584.7583,0.0,2024-01-24 02:41:00,17577.74205,0.0,-7.016250000000582,-0.0003989961010724032,Long,Closed,280,-7.016250000000582,-14.032500000001164,-17.032500000001164
281,281,0,1.0,2024-01-24 02:52:00,17583.508175,0.0,2024-01-24 03:51:00,17589.990825,0.0,6.48265000000174,0.00036867785060200255,Long,Closed,281,6.48265000000174,12.96530000000348,9.96530000000348
282,282,0,1.0,2024-01-24 04:29:00,17595.509375,0.0,2024-01-24 05:03:00,17590.990725,0.0,-4.518650000001799,-0.00025680700136035693,Long,Closed,282,-4.518650000001799,-9.037300000003597,-12.037300000003597
283,283,0,1.0,2024-01-24 05:05:00,17596.009425,0.0,2024-01-24 05:20:00,17591.990625,0.0,-4.018800000001647,-0.00022839269421462289,Long,Closed,283,-4.018800000001647,-8.037600000003295,-11.037600000003295
284,284,0,1.0,2024-01-24 05:24:00,17598.25965,0.0,2024-01-24 07:31:00,17620.987725,0.0,22.72807499999908,0.0012914956053622654,Long,Closed,284,22.72807499999908,45.45614999999816,42.45614999999816
285,285,0,1.0,2024-01-24 07:37:00,17632.7631,0.0,2024-01-24 07:58:00,17620.2378,0.0,-12.525300000001153,-0.0007103424420192631,Long,Closed,285,-12.525300000001153,-25.050600000002305,-28.050600000002305
286,286,0,1.0,2024-01-24 08:02:00,17637.513575,0.0,2024-01-24 10:14:00,17652.984525,0.0,15.470949999998993,0.0008771616211214733,Long,Closed,286,15.470949999998993,30.941899999997986,27.941899999997986
287,287,0,1.0,2024-01-24 11:07:00,17651.765,0.0,2024-01-24 11:26:00,17643.2355,0.0,-8.529500000000553,-0.00048320946942136117,Long,Closed,287,-8.529500000000553,-17.059000000001106,-20.059000000001106
288,288,0,1.0,2024-01-24 12:14:00,17655.015325,0.0,2024-01-24 13:45:00,17669.982825,0.0,14.967499999998836,0.0008477760978663345,Long,Closed,288,14.967499999998836,29.93499999999767,26.93499999999767
289,289,0,1.0,2024-01-24 14:21:00,17686.26845,0.0,2024-01-24 14:37:00,17651.484675,0.0,-34.78377499999988,-0.0019667107902571657,Long,Closed,289,-34.78377499999988,-69.56754999999976,-72.56754999999976
290,290,0,1.0,2024-01-24 15:00:00,17671.516975,0.0,2024-01-24 15:02:00,17646.485175,0.0,-25.03179999999702,-0.0014165054440662711,Long,Closed,290,-25.03179999999702,-50.06359999999404,-53.06359999999404
291,291,0,1.0,2024-01-24 15:12:00,17680.017825,0.0,2024-01-24 16:10:00,17710.478775,0.0,30.460950000000594,0.001722902674731924,Long,Closed,291,30.460950000000594,60.92190000000119,57.92190000000119
292,292,0,1.0,2024-01-24 16:50:00,17727.022525,0.0,2024-01-24 18:07:00,17756.2242,0.0,29.20167500000025,0.0016472972242697734,Long,Closed,292,29.20167500000025,58.4033500000005,55.4033500000005
293,293,0,1.0,2024-01-24 19:49:00,17688.018625,0.0,2024-01-24 20:05:00,17669.73285,0.0,-18.285775000000285,-0.001033794422522567,Long,Closed,293,-18.285775000000285,-36.57155000000057,-39.57155000000057
294,294,0,1.0,2024-01-24 20:06:00,17682.518075,0.0,2024-01-24 20:16:00,17636.73615,0.0,-45.78192499999932,-0.0025891066422675958,Long,Closed,294,-45.78192499999932,-91.56384999999864,-94.56384999999864
295,295,0,1.0,2024-01-24 20:44:00,17661.015925,0.0,2024-01-24 20:53:00,17626.2372,0.0,-34.77872500000012,-0.0019692369424099323,Long,Closed,295,-34.77872500000012,-69.55745000000024,-72.55745000000024
296,296,0,1.0,2024-01-24 21:38:00,17619.26175,0.0,2024-01-24 23:26:00,17616.988125,0.0,-2.27362500000163,-0.0001290420127847655,Long,Closed,296,-2.27362500000163,-4.54725000000326,-7.54725000000326
297,297,0,1.0,2024-01-25 00:34:00,17617.011524999998,0.0,2024-01-25 01:23:00,17609.988825,0.0,-7.022699999997712,-0.0003986317423946689,Long,Closed,297,-7.022699999997712,-14.045399999995425,-17.045399999995425
298,298,0,1.0,2024-01-25 02:07:00,17615.7614,0.0,2024-01-25 02:40:00,17599.73985,0.0,-16.02154999999766,-0.0009095008518903792,Long,Closed,298,-16.02154999999766,-32.04309999999532,-35.04309999999532
299,299,0,1.0,2024-01-25 03:07:00,17608.010625,0.0,2024-01-25 03:12:00,17595.2403,0.0,-12.770324999997683,-0.0007252565478275138,Long,Closed,299,-12.770324999997683,-25.540649999995367,-28.540649999995367
300,300,0,1.0,2024-01-25 03:24:00,17606.26045,0.0,2024-01-25 04:52:00,17612.988525,0.0,6.72807499999908,0.0003821410582392628,Long,Closed,300,6.72807499999908,13.45614999999816,10.45614999999816
301,301,0,1.0,2024-01-25 05:19:00,17616.261449999998,0.0,2024-01-25 06:12:00,17616.2382,0.0,-0.023249999998370185,-1.3198033001701498e-06,Long,Closed,301,-0.023249999998370185,-0.04649999999674037,-3.0464999999967404
302,302,0,1.0,2024-01-25 06:21:00,17625.012325,0.0,2024-01-25 06:27:00,17616.2382,0.0,-8.774124999999913,-0.0004978223469128787,Long,Closed,302,-8.774124999999913,-17.548249999999825,-20.548249999999825
303,303,0,1.0,2024-01-25 06:36:00,17628.012625,0.0,2024-01-25 06:54:00,17618.73795,0.0,-9.27467500000057,-0.00052613276364729,Long,Closed,303,-9.27467500000057,-18.54935000000114,-21.54935000000114
304,304,0,1.0,2024-01-25 07:06:00,17627.012525,0.0,2024-01-25 07:56:00,17630.2368,0.0,3.224275000000489,0.00018291670215968655,Long,Closed,304,3.224275000000489,6.448550000000978,3.448550000000978
305,305,0,1.0,2024-01-25 08:35:00,17629.7628,0.0,2024-01-25 09:09:00,17617.988025,0.0,-11.774775000001682,-0.0006678918561514442,Long,Closed,305,-11.774775000001682,-23.549550000003364,-26.549550000003364
306,306,0,1.0,2024-01-25 09:44:00,17629.012725,0.0,2024-01-25 10:07:00,17614.988325,0.0,-14.02440000000206,-0.0007955295182306961,Long,Closed,306,-14.02440000000206,-28.04880000000412,-31.04880000000412
307,307,0,1.0,2024-01-25 11:24:00,17622.7621,0.0,2024-01-25 12:26:00,17635.73625,0.0,12.974150000001828,0.0007362154653385367,Long,Closed,307,12.974150000001828,25.948300000003655,22.948300000003655
308,308,0,1.0,2024-01-25 12:45:00,17661.26595,0.0,2024-01-25 12:58:00,17637.236100000002,0.0,-24.029849999998987,-0.0013605961241979364,Long,Closed,308,-24.029849999998987,-48.059699999997974,-51.059699999997974
309,309,0,1.0,2024-01-25 13:21:00,17651.765,0.0,2024-01-25 14:34:00,17701.72965,0.0,49.96465000000171,0.002830575299410666,Long,Closed,309,49.96465000000171,99.92930000000342,96.92930000000342
310,310,0,1.0,2024-01-25 15:15:00,17708.27065,0.0,2024-01-25 15:55:00,17691.2307,0.0,-17.0399499999985,-0.0009622594061717991,Long,Closed,310,-17.0399499999985,-34.079899999997,-37.079899999997
311,311,0,1.0,2024-01-25 16:17:00,17721.27195,0.0,2024-01-25 17:05:00,17704.979325,0.0,-16.292624999998225,-0.0009193823697287274,Long,Closed,311,-16.292624999998225,-32.58524999999645,-35.58524999999645
312,312,0,1.0,2024-01-25 18:08:00,17678.26765,0.0,2024-01-25 18:18:00,17626.487175,0.0,-51.78047500000321,-0.0029290468967417857,Long,Closed,312,-51.78047500000321,-103.56095000000641,-106.56095000000641
313,313,0,1.0,2024-01-25 19:41:00,17572.25705,0.0,2024-01-25 21:11:00,17596.2402,0.0,23.983150000000023,0.0013648303648050733,Long,Closed,313,23.983150000000023,47.96630000000005,44.96630000000005
314,314,0,1.0,2024-01-25 23:55:00,17550.25485,0.0,2024-01-26 00:00:00,17540.745750000002,0.0,-9.509099999999307,-0.0005418211918443627,Long,Closed,314,-9.509099999999307,-19.018199999998615,-22.018199999998615
315,315,0,1.0,2024-01-26 00:12:00,17544.254249999998,0.0,2024-01-26 00:13:00,17536.2462,0.0,-8.008049999996729,-0.0004564485834441626,Long,Closed,315,-8.008049999996729,-16.016099999993457,-19.016099999993457
316,316,0,1.0,2024-01-26 00:46:00,17544.254249999998,0.0,2024-01-26 01:00:00,17528.996925,0.0,-15.257324999998673,-0.0008696479646604913,Long,Closed,316,-15.257324999998673,-30.514649999997346,-33.514649999997346
317,317,0,1.0,2024-01-26 02:02:00,17523.7522,0.0,2024-01-26 02:52:00,17524.2474,0.0,0.4952000000012049,2.8258788092267416e-05,Long,Closed,317,0.4952000000012049,0.9904000000024098,-2.00959999999759
318,318,0,1.0,2024-01-26 03:53:00,17525.25235,0.0,2024-01-26 04:01:00,17516.74815,0.0,-8.5041999999994,-0.0004852540682530829,Long,Closed,318,-8.5041999999994,-17.0083999999988,-20.0083999999988
319,319,0,1.0,2024-01-26 05:10:00,17502.000025,0.0,2024-01-26 06:01:00,17502.999525,0.0,0.9994999999980791,5.710775903156126e-05,Long,Closed,319,0.9994999999980791,1.9989999999961583,-1.0010000000038417
320,320,0,1.0,2024-01-26 06:45:00,17502.7501,0.0,2024-01-26 07:20:00,17492.000625,0.0,-10.74947500000053,-0.0006141592000448278,Long,Closed,320,-10.74947500000053,-21.49895000000106,-24.49895000000106
321,321,0,1.0,2024-01-26 08:17:00,17486.998525,0.0,2024-01-26 08:59:00,17482.001625,0.0,-4.996899999998277,-0.00028574943795269046,Long,Closed,321,-4.996899999998277,-9.993799999996554,-12.993799999996554
322,322,0,1.0,2024-01-26 09:23:00,17492.999125,0.0,2024-01-26 10:55:00,17528.247,0.0,35.24787500000093,0.002014970374612703,Long,Closed,322,35.24787500000093,70.49575000000186,67.49575000000186
323,323,0,1.0,2024-01-26 11:29:00,17540.25385,0.0,2024-01-26 12:57:00,17563.2435,0.0,22.98964999999953,0.0013106794346650534,Long,Closed,323,22.98964999999953,45.97929999999906,42.97929999999906
324,324,0,1.0,2024-01-26 13:12:00,17583.008125,0.0,2024-01-26 13:24:00,17573.74245,0.0,-9.265674999998737,-0.0005269675663076416,Long,Closed,324,-9.265674999998737,-18.531349999997474,-21.531349999997474
325,325,0,1.0,2024-01-26 13:47:00,17600.509875,0.0,2024-01-26 14:09:00,17568.74295,0.0,-31.7669249999999,-0.0018048866325811428,Long,Closed,325,-31.7669249999999,-63.5338499999998,-66.5338499999998
326,326,0,1.0,2024-01-26 15:24:00,17554.25525,0.0,2024-01-26 16:21:00,17604.73935,0.0,50.48410000000149,0.0028758895937782093,Long,Closed,326,50.48410000000149,100.96820000000298,97.96820000000298
327,327,0,1.0,2024-01-26 16:25:00,17610.7609,0.0,2024-01-26 16:39:00,17586.2412,0.0,-24.51970000000074,-0.0013923134916902277,Long,Closed,327,-24.51970000000074,-49.03940000000148,-52.03940000000148
328,328,0,1.0,2024-01-26 16:58:00,17610.26085,0.0,2024-01-26 17:31:00,17585.991225,0.0,-24.269624999997177,-0.001378152499086757,Long,Closed,328,-24.269624999997177,-48.539249999994354,-51.539249999994354
329,329,0,1.0,2024-01-26 18:28:00,17545.504375,0.0,2024-01-26 18:45:00,17518.248,0.0,-27.256375000000844,-0.0015534677383704932,Long,Closed,329,-27.256375000000844,-54.51275000000169,-57.51275000000169
330,330,0,1.0,2024-01-26 19:07:00,17545.004324999998,0.0,2024-01-26 19:35:00,17518.997925,0.0,-26.006399999998393,-0.0014822680871581031,Long,Closed,330,-26.006399999998393,-52.01279999999679,-55.01279999999679
331,331,0,1.0,2024-01-26 19:38:00,17541.503975,0.0,2024-01-26 20:26:00,17550.994725,0.0,9.490750000000844,0.0005410453980187206,Long,Closed,331,9.490750000000844,18.981500000001688,15.981500000001688
332,332,0,1.0,2024-01-28 23:47:00,17485.998425,0.0,2024-01-28 23:57:00,17477.75205,0.0,-8.246375000002445,-0.00047159875001546813,Long,Closed,332,-8.246375000002445,-16.49275000000489,-19.49275000000489
333,333,0,1.0,2024-01-29 00:07:00,17486.7485,0.0,2024-01-29 00:33:00,17480.75175,0.0,-5.996750000002066,-0.00034293110580289215,Long,Closed,333,-5.996750000002066,-11.993500000004133,-14.993500000004133
334,334,0,1.0,2024-01-29 00:40:00,17493.24915,0.0,2024-01-29 02:17:00,17530.2468,0.0,36.99765000000116,0.0021149673044016043,Long,Closed,334,36.99765000000116,73.99530000000232,70.99530000000232
335,335,0,1.0,2024-01-29 03:00:00,17536.25345,0.0,2024-01-29 03:27:00,17525.74725,0.0,-10.506199999999808,-0.000599113147512122,Long,Closed,335,-10.506199999999808,-21.012399999999616,-24.012399999999616
336,336,0,1.0,2024-01-29 03:57:00,17538.25365,0.0,2024-01-29 04:22:00,17530.496775,0.0,-7.756874999999127,-0.000442283203037101,Long,Closed,336,-7.756874999999127,-15.513749999998254,-18.513749999998254
337,337,0,1.0,2024-01-29 04:53:00,17535.25335,0.0,2024-01-29 04:56:00,17530.2468,0.0,-5.006549999998242,-0.0002855134111876543,Long,Closed,337,-5.006549999998242,-10.013099999996484,-13.013099999996484
338,338,0,1.0,2024-01-29 05:42:00,17534.503275,0.0,2024-01-29 07:29:00,17544.495375,0.0,9.992099999999482,0.0005698536105237622,Long,Closed,338,9.992099999999482,19.984199999998964,16.984199999998964
339,339,0,1.0,2024-01-29 07:44:00,17553.7552,0.0,2024-01-29 08:10:00,17541.495675000002,0.0,-12.259524999997666,-0.0006983989955606574,Long,Closed,339,-12.259524999997666,-24.51904999999533,-27.51904999999533
340,340,0,1.0,2024-01-29 08:21:00,17559.25575,0.0,2024-01-29 09:18:00,17563.993425,0.0,4.7376750000003085,0.0002698106951372531,Long,Closed,340,4.7376750000003085,9.475350000000617,6.475350000000617
341,341,0,1.0,2024-01-29 10:08:00,17561.25595,0.0,2024-01-29 11:05:00,17557.494075,0.0,-3.7618750000001455,-0.0002142144622634548,Long,Closed,341,-3.7618750000001455,-7.523750000000291,-10.523750000000291
342,342,0,1.0,2024-01-29 11:27:00,17570.7569,0.0,2024-01-29 12:26:00,17567.993025,0.0,-2.763875000000553,-0.00015729971200048603,Long,Closed,342,-2.763875000000553,-5.527750000001106,-8.527750000001106
343,343,0,1.0,2024-01-29 12:29:00,17573.7572,0.0,2024-01-29 12:31:00,17566.74315,0.0,-7.014050000001589,-0.0003991206843350259,Long,Closed,343,-7.014050000001589,-14.028100000003178,-17.028100000003178
344,344,0,1.0,2024-01-29 13:14:00,17562.25605,0.0,2024-01-29 13:22:00,17546.2452,0.0,-16.010849999998754,-0.0009116624854127869,Long,Closed,344,-16.010849999998754,-32.02169999999751,-35.02169999999751
345,345,0,1.0,2024-01-29 14:10:00,17552.7551,0.0,2024-01-29 14:19:00,17540.495775,0.0,-12.25932499999908,-0.0006984273938852529,Long,Closed,345,-12.25932499999908,-24.51864999999816,-27.51864999999816
346,346,0,1.0,2024-01-29 14:26:00,17552.005025,0.0,2024-01-29 14:34:00,17544.2454,0.0,-7.759624999998778,-0.00044209336705102603,Long,Closed,346,-7.759624999998778,-15.519249999997555,-18.519249999997555
347,347,0,1.0,2024-01-29 14:35:00,17555.005325,0.0,2024-01-29 15:04:00,17534.74635,0.0,-20.258974999997008,-0.0011540284166787634,Long,Closed,347,-20.258974999997008,-40.517949999994016,-43.517949999994016
348,348,0,1.0,2024-01-29 15:18:00,17565.7564,0.0,2024-01-29 15:24:00,17536.2462,0.0,-29.510199999996985,-0.0016799845863738033,Long,Closed,348,-29.510199999996985,-59.02039999999397,-62.02039999999397
349,349,0,1.0,2024-01-29 16:17:00,17555.505375,0.0,2024-01-29 17:54:00,17588.241,0.0,32.735625000001164,0.0018646928300120875,Long,Closed,349,32.735625000001164,65.47125000000233,62.47125000000233
350,350,0,1.0,2024-01-29 17:57:00,17605.26035,0.0,2024-01-29 18:06:00,17592.2406,0.0,-13.019749999999476,-0.0007395374871578923,Long,Closed,350,-13.019749999999476,-26.039499999998952,-29.039499999998952
351,351,0,1.0,2024-01-29 18:30:00,17598.7597,0.0,2024-01-29 18:57:00,17584.491375,0.0,-14.268324999997276,-0.0008107574194559448,Long,Closed,351,-14.268324999997276,-28.53664999999455,-31.53664999999455
352,352,0,1.0,2024-01-29 19:11:00,17611.761,0.0,2024-01-29 20:52:00,17684.481375,0.0,72.72037500000079,0.004129080277662228,Long,Closed,352,72.72037500000079,145.44075000000157,142.44075000000157
353,353,0,1.0,2024-01-29 21:01:00,17705.7704,0.0,2024-01-29 21:09:00,17689.73085,0.0,-16.039550000001327,-0.0009058939338782642,Long,Closed,353,-16.039550000001327,-32.079100000002654,-35.079100000002654
354,354,0,1.0,2024-01-29 21:18:00,17708.7707,0.0,2024-01-29 21:57:00,17701.72965,0.0,-7.041049999999814,-0.00039760241516932697,Long,Closed,354,-7.041049999999814,-14.082099999999627,-17.082099999999627
355,355,0,1.0,2024-01-29 23:02:00,17716.27145,0.0,2024-01-29 23:49:00,17718.228,0.0,1.9565499999989697,0.00011043802334598852,Long,Closed,355,1.9565499999989697,3.9130999999979394,0.9130999999979394
356,356,0,1.0,2024-01-30 00:23:00,17729.27275,0.0,2024-01-30 01:03:00,17722.477575,0.0,-6.79517499999929,-0.00038327432240554195,Long,Closed,356,-6.79517499999929,-13.59034999999858,-16.59034999999858
357,357,0,1.0,2024-01-30 02:34:00,17714.521275,0.0,2024-01-30 03:20:00,17715.978225,0.0,1.4569499999997788,8.224608372882936e-05,Long,Closed,357,1.4569499999997788,2.9138999999995576,-0.08610000000044238
358,358,0,1.0,2024-01-30 03:23:00,17718.521675,0.0,2024-01-30 03:41:00,17714.978325,0.0,-3.5433499999999185,-0.00019998000199979542,Long,Closed,358,-3.5433499999999185,-7.086699999999837,-10.086699999999837
359,359,0,1.0,2024-01-30 04:29:00,17715.021325,0.0,2024-01-30 04:48:00,17712.2286,0.0,-2.7927250000029744,-0.00015764728411937006,Long,Closed,359,-2.7927250000029744,-5.585450000005949,-8.585450000005949
360,360,0,1.0,2024-01-30 04:53:00,17717.521575,0.0,2024-01-30 05:00:00,17710.72875,0.0,-6.792825000000448,-0.0003833958926617223,Long,Closed,360,-6.792825000000448,-13.585650000000896,-16.585650000000896
361,361,0,1.0,2024-01-30 05:09:00,17717.27155,0.0,2024-01-30 06:10:00,17719.477875,0.0,2.2063249999991967,0.00012452961471932719,Long,Closed,361,2.2063249999991967,4.4126499999983935,1.4126499999983935
362,362,0,1.0,2024-01-30 07:53:00,17689.768799999998,0.0,2024-01-30 08:07:00,17674.482375,0.0,-15.286424999998417,-0.0008641393323353337,Long,Closed,362,-15.286424999998417,-30.572849999996834,-33.57284999999683
363,363,0,1.0,2024-01-30 08:25:00,17694.519275,0.0,2024-01-30 09:17:00,17705.72925,0.0,11.209975000001577,0.0006335280900137129,Long,Closed,363,11.209975000001577,22.419950000003155,19.419950000003155
364,364,0,1.0,2024-01-30 10:13:00,17696.019425,0.0,2024-01-30 10:51:00,17699.479875,0.0,3.460450000002311,0.00019554962711634293,Long,Closed,364,3.460450000002311,6.920900000004622,3.9209000000046217
365,365,0,1.0,2024-01-30 11:36:00,17694.26925,0.0,2024-01-30 12:11:00,17688.980925,0.0,-5.28832500000135,-0.00029887218993241837,Long,Closed,365,-5.28832500000135,-10.5766500000027,-13.5766500000027
366,366,0,1.0,2024-01-30 14:05:00,17669.516775,0.0,2024-01-30 14:17:00,17655.484275,0.0,-14.032500000001164,-0.0007941643327708471,Long,Closed,366,-14.032500000001164,-28.06500000000233,-31.06500000000233
367,367,0,1.0,2024-01-30 14:31:00,17668.26665,0.0,2024-01-30 15:02:00,17620.487775,0.0,-47.77887499999997,-0.002704219714727928,Long,Closed,367,-47.77887499999997,-95.55774999999994,-98.55774999999994
368,368,0,1.0,2024-01-30 15:37:00,17665.516375,0.0,2024-01-30 15:46:00,17626.73715,0.0,-38.779224999998405,-0.00219519340260431,Long,Closed,368,-38.779224999998405,-77.55844999999681,-80.55844999999681
369,369,0,1.0,2024-01-30 16:28:00,17648.7647,0.0,2024-01-30 17:00:00,17638.485975,0.0,-10.278725000000122,-0.0005824047843983167,Long,Closed,369,-10.278725000000122,-20.557450000000244,-23.557450000000244
370,370,0,1.0,2024-01-30 18:18:00,17587.008525,0.0,2024-01-30 18:51:00,17571.74265,0.0,-15.26587500000096,-0.0008680199920469965,Long,Closed,370,-15.26587500000096,-30.53175000000192,-33.53175000000192
371,371,0,1.0,2024-01-30 19:28:00,17582.7581,0.0,2024-01-30 20:10:00,17576.492175,0.0,-6.265924999999697,-0.00035636758262628306,Long,Closed,371,-6.265924999999697,-12.531849999999395,-15.531849999999395
372,372,0,1.0,2024-01-30 20:26:00,17593.509175,0.0,2024-01-30 20:38:00,17579.74185,0.0,-13.76732500000071,-0.0007825229670248949,Long,Closed,372,-13.76732500000071,-27.53465000000142,-30.53465000000142
373,373,0,1.0,2024-01-30 20:50:00,17594.7593,0.0,2024-01-30 21:00:00,17581.991625,0.0,-12.767675000002782,-0.0007256521548437881,Long,Closed,373,-12.767675000002782,-25.535350000005565,-28.535350000005565
374,374,0,1.0,2024-01-30 23:47:00,17457.495575,0.0,2024-01-31 00:31:00,17453.2545,0.0,-4.241075000001729,-0.0002429371946154269,Long,Closed,374,-4.241075000001729,-8.482150000003458,-11.482150000003458
375,375,0,1.0,2024-01-31 01:16:00,17450.494875,0.0,2024-01-31 01:28:00,17440.2558,0.0,-10.239075000001321,-0.0005867498356548081,Long,Closed,375,-10.239075000001321,-20.478150000002643,-23.478150000002643
376,376,0,1.0,2024-01-31 02:31:00,17435.493375,0.0,2024-01-31 03:36:00,17435.506275,0.0,0.012900000001536682,7.398700870738442e-07,Long,Closed,376,0.012900000001536682,0.025800000003073364,-2.9741999999969266
377,377,0,1.0,2024-01-31 04:08:00,17443.7442,0.0,2024-01-31 05:19:00,17446.75515,0.0,3.010949999999866,0.00017260915807283312,Long,Closed,377,3.010949999999866,6.021899999999732,3.0218999999997322
378,378,0,1.0,2024-01-31 05:20:00,17453.7452,0.0,2024-01-31 05:39:00,17444.505375,0.0,-9.239825000000565,-0.0005293892453523708,Long,Closed,378,-9.239825000000565,-18.47965000000113,-21.47965000000113
379,379,0,1.0,2024-01-31 06:10:00,17450.994925,0.0,2024-01-31 06:37:00,17438.505975,0.0,-12.488949999999022,-0.0007156583365976209,Long,Closed,379,-12.488949999999022,-24.977899999998044,-27.977899999998044
380,380,0,1.0,2024-01-31 07:11:00,17447.494575,0.0,2024-01-31 08:37:00,17452.2546,0.0,4.760024999999587,0.00027281997306479095,Long,Closed,380,4.760024999999587,9.520049999999173,6.5200499999991735
381,381,0,1.0,2024-01-31 09:56:00,17383.7382,0.0,2024-01-31 10:40:00,17363.513475,0.0,-20.224725000000035,-0.001163427840854163,Long,Closed,381,-20.224725000000035,-40.44945000000007,-43.44945000000007
382,382,0,1.0,2024-01-31 11:19:00,17369.23675,0.0,2024-01-31 12:40:00,17383.2615,0.0,14.024750000000495,0.0008074476847694816,Long,Closed,382,14.024750000000495,28.04950000000099,25.04950000000099
383,383,0,1.0,2024-01-31 12:49:00,17409.490775,0.0,2024-01-31 13:39:00,17400.009825,0.0,-9.480949999997392,-0.0005445851416637655,Long,Closed,383,-9.480949999997392,-18.961899999994785,-21.961899999994785
384,384,0,1.0,2024-01-31 14:36:00,17424.992325,0.0,2024-01-31 14:42:00,17368.013025,0.0,-56.97929999999906,-0.003269975615326365,Long,Closed,384,-56.97929999999906,-113.95859999999811,-116.95859999999811
385,385,0,1.0,2024-01-31 16:08:00,17318.481675,0.0,2024-01-31 17:39:00,17332.516575,0.0,14.03490000000238,0.0008104001415009946,Long,Closed,385,14.03490000000238,28.06980000000476,25.06980000000476
386,386,0,1.0,2024-01-31 17:57:00,17359.985825,0.0,2024-01-31 18:42:00,17378.76195,0.0,18.77612500000032,0.0010815749038781443,Long,Closed,386,18.77612500000032,37.55225000000064,34.55225000000064
387,387,0,1.0,2024-01-31 18:50:00,17393.23915,0.0,2024-01-31 19:00:00,17379.2619,0.0,-13.977249999999913,-0.0008036024733207852,Long,Closed,387,-13.977249999999913,-27.954499999999825,-30.954499999999825
388,388,0,1.0,2024-01-31 19:39:00,17389.488775,0.0,2024-01-31 20:04:00,17299.019925,0.0,-90.46885000000111,-0.005202501992471662,Long,Closed,388,-90.46885000000111,-180.93770000000222,-183.93770000000222
389,389,0,1.0,2024-01-31 21:16:00,17267.476575,0.0,2024-01-31 21:31:00,17252.2746,0.0,-15.201974999999948,-0.0008803819674502698,Long,Closed,389,-15.201974999999948,-30.403949999999895,-33.403949999999895
390,390,0,1.0,2024-01-31 21:38:00,17264.476275,0.0,2024-01-31 21:45:00,17248.275,0.0,-16.20127499999944,-0.0009384168243469894,Long,Closed,390,-16.20127499999944,-32.40254999999888,-35.40254999999888
391,391,0,1.0,2024-01-31 21:56:00,17264.22625,0.0,2024-02-01 00:04:00,17283.77145,0.0,19.545200000000477,0.0011321214004595473,Long,Closed,391,19.545200000000477,39.090400000000955,36.090400000000955
392,392,0,1.0,2024-02-01 00:18:00,17291.979025,0.0,2024-02-01 01:15:00,17304.519375,0.0,12.540349999999307,0.0007252119599421795,Long,Closed,392,12.540349999999307,25.080699999998615,22.080699999998615
393,393,0,1.0,2024-02-01 01:50:00,17308.980725,0.0,2024-02-01 02:57:00,17313.268500000002,0.0,4.287775000000693,0.00024771967039097226,Long,Closed,393,4.287775000000693,8.575550000001385,5.575550000001385
394,394,0,1.0,2024-02-01 03:05:00,17321.23195,0.0,2024-02-01 03:21:00,17313.76845,0.0,-7.463500000001659,-0.0004308873653759748,Long,Closed,394,-7.463500000001659,-14.927000000003318,-17.927000000003318
395,395,0,1.0,2024-02-01 04:01:00,17314.981325,0.0,2024-02-01 04:53:00,17319.017925,0.0,4.036599999999453,0.00023312759767007445,Long,Closed,395,4.036599999999453,8.073199999998906,5.073199999998906
396,396,0,1.0,2024-02-01 07:25:00,17283.22815,0.0,2024-02-01 09:07:00,17324.517375,0.0,41.28922500000044,0.002388976448245315,Long,Closed,396,41.28922500000044,82.57845000000088,79.57845000000088
397,397,0,1.0,2024-02-01 09:55:00,17338.483675,0.0,2024-02-01 10:00:00,17329.76685,0.0,-8.716824999999517,-0.0005027443670041416,Long,Closed,397,-8.716824999999517,-17.433649999999034,-20.433649999999034
398,398,0,1.0,2024-02-01 10:07:00,17342.23405,0.0,2024-02-01 11:13:00,17337.516075,0.0,-4.717974999999569,-0.0002720511663259192,Long,Closed,398,-4.717974999999569,-9.435949999999139,-12.435949999999139
399,399,0,1.0,2024-02-01 12:05:00,17340.23385,0.0,2024-02-01 13:04:00,17331.516675,0.0,-8.717175000001589,-0.0005027138085569468,Long,Closed,399,-8.717175000001589,-17.434350000003178,-20.434350000003178
400,400,0,1.0,2024-02-01 13:38:00,17343.7342,0.0,2024-02-01 14:09:00,17327.2671,0.0,-16.467099999998027,-0.0009494552793595065,Long,Closed,400,-16.467099999998027,-32.93419999999605,-35.93419999999605
401,401,0,1.0,2024-02-01 15:11:00,17354.7353,0.0,2024-02-01 15:51:00,17317.518075,0.0,-37.217225000000326,-0.002144499720488409,Long,Closed,401,-37.217225000000326,-74.43445000000065,-77.43445000000065
402,402,0,1.0,2024-02-01 16:37:00,17305.480375,0.0,2024-02-01 17:35:00,17341.2657,0.0,35.78532500000074,0.002067860829318397,Long,Closed,402,35.78532500000074,71.57065000000148,68.57065000000148
403,403,0,1.0,2024-02-01 17:51:00,17389.7388,0.0,2024-02-01 18:08:00,17330.2668,0.0,-59.471999999997934,-0.0034199478602863166,Long,Closed,403,-59.471999999997934,-118.94399999999587,-121.94399999999587
404,404,0,1.0,2024-02-01 18:19:00,17361.986025,0.0,2024-02-01 18:42:00,17346.015225,0.0,-15.970799999999144,-0.0009198717230276739,Long,Closed,404,-15.970799999999144,-31.94159999999829,-34.94159999999829
405,405,0,1.0,2024-02-01 18:52:00,17377.987625,0.0,2024-02-01 20:51:00,17417.75805,0.0,39.770424999998795,0.0022885518080807583,Long,Closed,405,39.770424999998795,79.54084999999759,76.54084999999759
406,406,0,1.0,2024-02-01 21:04:00,17454.495275,0.0,2024-02-01 23:12:00,17592.74055,0.0,138.2452749999975,0.007920324983444558,Long,Closed,406,138.2452749999975,276.490549999995,273.490549999995
407,407,0,1.0,2024-02-01 23:47:00,17594.009225,0.0,2024-02-02 00:05:00,17588.241,0.0,-5.768224999999802,-0.00032785165258430754,Long,Closed,407,-5.768224999999802,-11.536449999999604,-14.536449999999604
408,408,0,1.0,2024-02-02 00:33:00,17592.009025,0.0,2024-02-02 02:15:00,17613.488475000002,0.0,21.479450000002544,0.0012209776592018628,Long,Closed,408,21.479450000002544,42.95890000000509,39.95890000000509
409,409,0,1.0,2024-02-02 02:50:00,17619.26175,0.0,2024-02-02 03:18:00,17609.988825,0.0,-9.272925000001123,-0.000526294752389448,Long,Closed,409,-9.272925000001123,-18.545850000002247,-21.545850000002247
410,410,0,1.0,2024-02-02 04:18:00,17610.7609,0.0,2024-02-02 04:52:00,17600.489775000002,0.0,-10.271124999999302,-0.0005832300522573843,Long,Closed,410,-10.271124999999302,-20.542249999998603,-23.542249999998603
411,411,0,1.0,2024-02-02 05:14:00,17613.511175,0.0,2024-02-02 05:57:00,17607.489075,0.0,-6.022099999998318,-0.0003419023010327365,Long,Closed,411,-6.022099999998318,-12.044199999996636,-15.044199999996636
412,412,0,1.0,2024-02-02 06:36:00,17611.26095,0.0,2024-02-02 07:02:00,17594.2404,0.0,-17.020550000001094,-0.0009664583386915912,Long,Closed,412,-17.020550000001094,-34.04110000000219,-37.04110000000219
413,413,0,1.0,2024-02-02 08:27:00,17604.760299999998,0.0,2024-02-02 09:26:00,17612.2386,0.0,7.478300000002491,0.0004247885158653647,Long,Closed,413,7.478300000002491,14.956600000004983,11.956600000004983
414,414,0,1.0,2024-02-02 10:18:00,17611.510975,0.0,2024-02-02 10:59:00,17610.2388,0.0,-1.27217500000188,-7.223542612600166e-05,Long,Closed,414,-1.27217500000188,-2.54435000000376,-5.54435000000376
415,415,0,1.0,2024-02-02 11:33:00,17618.011625,0.0,2024-02-02 12:08:00,17607.989025,0.0,-10.022600000000239,-0.0005688837204408554,Long,Closed,415,-10.022600000000239,-20.045200000000477,-23.045200000000477
416,416,0,1.0,2024-02-02 12:21:00,17627.012525,0.0,2024-02-02 12:57:00,17620.987725,0.0,-6.024799999999232,-0.0003417935961328894,Long,Closed,416,-6.024799999999232,-12.049599999998463,-15.049599999998463
417,417,0,1.0,2024-02-02 14:38:00,17545.004324999998,0.0,2024-02-02 15:33:00,17553.494475,0.0,8.49015000000145,0.00048390697675142636,Long,Closed,417,8.49015000000145,16.9803000000029,13.980300000002899
418,418,0,1.0,2024-02-02 15:42:00,17628.512674999998,0.0,2024-02-02 17:48:00,17680.73175,0.0,52.219075000000885,0.0029621940297921865,Long,Closed,418,52.219075000000885,104.43815000000177,101.43815000000177
419,419,0,1.0,2024-02-02 18:08:00,17730.522875,0.0,2024-02-02 18:34:00,17698.72995,0.0,-31.792924999997922,-0.0017931182979846513,Long,Closed,419,-31.792924999997922,-63.585849999995844,-66.58584999999584
420,420,0,1.0,2024-02-02 18:50:00,17723.522175,0.0,2024-02-02 19:58:00,17747.975025,0.0,24.45285000000149,0.0013796834375558588,Long,Closed,420,24.45285000000149,48.90570000000298,45.90570000000298
421,421,0,1.0,2024-02-02 20:09:00,17764.27625,0.0,2024-02-02 20:22:00,17759.973825,0.0,-4.302424999998038,-0.00024219534415301827,Long,Closed,421,-4.302424999998038,-8.604849999996077,-11.604849999996077
422,422,0,1.0,2024-02-02 20:55:00,17765.27635,0.0,2024-02-02 20:59:00,17741.2257,0.0,-24.050650000001042,-0.0013538010625993467,Long,Closed,422,-24.050650000001042,-48.101300000002084,-51.101300000002084
423,423,0,1.0,2024-02-04 23:08:00,17720.521875,0.0,2024-02-04 23:47:00,17705.2293,0.0,-15.292574999999488,-0.000862986717201267,Long,Closed,423,-15.292574999999488,-30.585149999998976,-33.585149999998976
424,424,0,1.0,2024-02-05 00:09:00,17726.022425,0.0,2024-02-05 00:24:00,17701.2297,0.0,-24.792724999999336,-0.0013986626218543408,Long,Closed,424,-24.792724999999336,-49.58544999999867,-52.58544999999867
425,425,0,1.0,2024-02-05 01:37:00,17685.7684,0.0,2024-02-05 02:07:00,17672.73255,0.0,-13.03585000000021,-0.00073708134728261,Long,Closed,425,-13.03585000000021,-26.07170000000042,-29.07170000000042
426,426,0,1.0,2024-02-05 02:30:00,17682.018025,0.0,2024-02-05 02:41:00,17671.982625,0.0,-10.035400000000664,-0.0005675483412476989,Long,Closed,426,-10.035400000000664,-20.070800000001327,-23.070800000001327
427,427,0,1.0,2024-02-05 03:04:00,17681.517975,0.0,2024-02-05 03:26:00,17672.982525,0.0,-8.5354499999994,-0.0004827328746359743,Long,Closed,427,-8.5354499999994,-17.0708999999988,-20.0708999999988
428,428,0,1.0,2024-02-05 03:50:00,17681.26795,0.0,2024-02-05 04:33:00,17678.73195,0.0,-2.536000000000058,-0.00014342862780946985,Long,Closed,428,-2.536000000000058,-5.072000000000116,-8.072000000000116
429,429,0,1.0,2024-02-05 04:53:00,17685.7684,0.0,2024-02-05 05:14:00,17681.2317,0.0,-4.536700000000565,-0.0002565169857138107,Long,Closed,429,-4.536700000000565,-9.07340000000113,-12.07340000000113
430,430,0,1.0,2024-02-05 05:16:00,17690.26885,0.0,2024-02-05 05:38:00,17682.73155,0.0,-7.537299999999959,-0.00042607040423808817,Long,Closed,430,-7.537299999999959,-15.074599999999919,-18.07459999999992
431,431,0,1.0,2024-02-05 05:53:00,17690.26885,0.0,2024-02-05 06:41:00,17687.73105,0.0,-2.53780000000188,-0.00014345740144033369,Long,Closed,431,-2.53780000000188,-5.07560000000376,-8.07560000000376
432,432,0,1.0,2024-02-05 07:39:00,17701.019925,0.0,2024-02-05 08:05:00,17701.72965,0.0,0.709725000000617,4.009514722924176e-05,Long,Closed,432,0.709725000000617,1.419450000001234,-1.580549999998766
433,433,0,1.0,2024-02-05 08:10:00,17709.27075,0.0,2024-02-05 09:11:00,17712.2286,0.0,2.9578499999988708,0.00016702268782009958,Long,Closed,433,2.9578499999988708,5.9156999999977415,2.9156999999977415
434,434,0,1.0,2024-02-05 09:15:00,17724.022225,0.0,2024-02-05 09:17:00,17711.978625,0.0,-12.043600000000879,-0.0006795071596679223,Long,Closed,434,-12.043600000000879,-24.087200000001758,-27.087200000001758
435,435,0,1.0,2024-02-05 10:10:00,17695.519375,0.0,2024-02-05 11:38:00,17710.478775,0.0,14.959399999999732,0.00084537784299986,Long,Closed,435,14.959399999999732,29.918799999999464,26.918799999999464
436,436,0,1.0,2024-02-05 12:13:00,17719.7718,0.0,2024-02-05 13:19:00,17723.477475,0.0,3.705675000001065,0.0002091265644855012,Long,Closed,436,3.705675000001065,7.41135000000213,4.41135000000213
437,437,0,1.0,2024-02-05 14:15:00,17711.020925,0.0,2024-02-05 14:46:00,17703.2295,0.0,-7.791424999999435,-0.0004399195863972723,Long,Closed,437,-7.791424999999435,-15.58284999999887,-18.58284999999887
438,438,0,1.0,2024-02-05 16:10:00,17618.011625,0.0,2024-02-05 18:05:00,17695.480275,0.0,77.46865000000253,0.0043971278739579405,Long,Closed,438,77.46865000000253,154.93730000000505,151.93730000000505
439,439,0,1.0,2024-02-05 18:10:00,17706.7705,0.0,2024-02-05 18:26:00,17683.981425,0.0,-22.789074999996956,-0.001287026055937019,Long,Closed,439,-22.789074999996956,-45.57814999999391,-48.57814999999391
440,440,0,1.0,2024-02-05 19:08:00,17702.520075,0.0,2024-02-05 20:08:00,17700.72975,0.0,-1.7903250000017579,-0.00010113390593072144,Long,Closed,440,-1.7903250000017579,-3.5806500000035157,-6.580650000003516
441,441,0,1.0,2024-02-05 20:37:00,17715.27135,0.0,2024-02-05 20:39:00,17699.979825,0.0,-15.291525000000547,-0.0008631832218590627,Long,Closed,441,-15.291525000000547,-30.583050000001094,-33.583050000001094
442,442,0,1.0,2024-02-05 20:51:00,17724.522275,0.0,2024-02-05 21:05:00,17694.980325,0.0,-29.541949999998906,-0.001666727573338724,Long,Closed,442,-29.541949999998906,-59.08389999999781,-62.08389999999781
443,443,0,1.0,2024-02-05 21:58:00,17703.520175,0.0,2024-02-05 23:43:00,17702.479575,0.0,-1.0406000000002678,-5.877927043400947e-05,Long,Closed,443,-1.0406000000002678,-2.0812000000005355,-5.0812000000005355
444,444,0,1.0,2024-02-06 00:20:00,17703.27015,0.0,2024-02-06 03:01:00,17722.227600000002,0.0,18.9574500000017,0.0010708445298170915,Long,Closed,444,18.9574500000017,37.9149000000034,34.9149000000034
445,445,0,1.0,2024-02-06 03:12:00,17731.522975,0.0,2024-02-06 03:48:00,17730.476775,0.0,-1.046200000000681,-5.900226401735134e-05,Long,Closed,445,-1.046200000000681,-2.092400000001362,-5.092400000001362
446,446,0,1.0,2024-02-06 04:24:00,17733.023125,0.0,2024-02-06 05:34:00,17738.72595,0.0,5.702825000000303,0.0003215935015592725,Long,Closed,446,5.702825000000303,11.405650000000605,8.405650000000605
447,447,0,1.0,2024-02-06 05:48:00,17746.27445,0.0,2024-02-06 05:54:00,17737.476075,0.0,-8.798375000002125,-0.0004957871594283905,Long,Closed,447,-8.798375000002125,-17.59675000000425,-20.59675000000425
448,448,0,1.0,2024-02-06 06:45:00,17739.27375,0.0,2024-02-06 06:56:00,17730.72675,0.0,-8.546999999998661,-0.0004818122838878148,Long,Closed,448,-8.546999999998661,-17.093999999997322,-20.093999999997322
449,449,0,1.0,2024-02-06 07:02:00,17741.774,0.0,2024-02-06 08:09:00,17752.2246,0.0,10.450600000000122,0.0005890391795093389,Long,Closed,449,10.450600000000122,20.901200000000244,17.901200000000244
450,450,0,1.0,2024-02-06 08:28:00,17760.525875,0.0,2024-02-06 08:33:00,17755.974225,0.0,-4.551649999997608,-0.00025627901065725664,Long,Closed,450,-4.551649999997608,-9.103299999995215,-12.103299999995215
451,451,0,1.0,2024-02-06 10:50:00,17729.7728,0.0,2024-02-06 11:20:00,17725.477275,0.0,-4.295524999997724,-0.00024227749833307082,Long,Closed,451,-4.295524999997724,-8.591049999995448,-11.591049999995448
452,452,0,1.0,2024-02-06 12:44:00,17701.269949999998,0.0,2024-02-06 14:36:00,17712.978525,0.0,11.708575000000565,0.0006614539540424649,Long,Closed,452,11.708575000000565,23.41715000000113,20.41715000000113
453,453,0,1.0,2024-02-06 15:43:00,17629.262749999998,0.0,2024-02-06 15:46:00,17634.73635,0.0,5.47360000000117,0.00031048377221566854,Long,Closed,453,5.47360000000117,10.94720000000234,7.94720000000234
454,454,0,1.0,2024-02-06 16:03:00,17644.014225,0.0,2024-02-06 16:21:00,17645.985225,0.0,1.9710000000013679,0.00011170927289372938,Long,Closed,454,1.9710000000013679,3.9420000000027358,0.9420000000027358
455,455,0,1.0,2024-02-06 16:24:00,17647.514575,0.0,2024-02-06 16:43:00,17634.73635,0.0,-12.77822500000184,-0.0007240807166185235,Long,Closed,455,-12.77822500000184,-25.55645000000368,-28.55645000000368
456,456,0,1.0,2024-02-06 17:34:00,17591.759,0.0,2024-02-06 18:20:00,17593.2405,0.0,1.481500000001688,8.421556934708394e-05,Long,Closed,456,1.481500000001688,2.963000000003376,-0.036999999996623956
457,457,0,1.0,2024-02-06 18:32:00,17610.26085,0.0,2024-02-06 19:09:00,17584.991325,0.0,-25.269524999999703,-0.001434931896536882,Long,Closed,457,-25.269524999999703,-50.539049999999406,-53.539049999999406
458,458,0,1.0,2024-02-06 19:38:00,17601.25995,0.0,2024-02-06 20:34:00,17605.489275,0.0,4.2293250000002445,0.0002402853552538007,Long,Closed,458,4.2293250000002445,8.458650000000489,5.458650000000489
459,459,0,1.0,2024-02-06 20:57:00,17653.015124999998,0.0,2024-02-06 21:44:00,17645.2353,0.0,-7.7798249999978,-0.0004407080005828636,Long,Closed,459,-7.7798249999978,-15.5596499999956,-18.5596499999956
460,460,0,1.0,2024-02-06 23:01:00,17654.515275,0.0,2024-02-06 23:50:00,17650.73475,0.0,-3.780525000001944,-0.0002141392692528594,Long,Closed,460,-3.780525000001944,-7.561050000003888,-10.561050000003888
461,461,0,1.0,2024-02-07 00:24:00,17660.015825,0.0,2024-02-07 00:56:00,17655.484275,0.0,-4.531549999999697,-0.0002565994303122148,Long,Closed,461,-4.531549999999697,-9.063099999999395,-12.063099999999395
462,462,0,1.0,2024-02-07 01:01:00,17661.015925,0.0,2024-02-07 01:55:00,17687.981025,0.0,26.965100000001257,0.0015268147718405535,Long,Closed,462,26.965100000001257,53.930200000002515,50.930200000002515
463,463,0,1.0,2024-02-07 03:00:00,17688.268649999998,0.0,2024-02-07 03:17:00,17678.481975,0.0,-9.786674999999377,-0.0005532862030563618,Long,Closed,463,-9.786674999999377,-19.573349999998754,-22.573349999998754
464,464,0,1.0,2024-02-07 04:35:00,17664.26625,0.0,2024-02-07 04:37:00,17657.984025,0.0,-6.282224999999016,-0.00035564596406595806,Long,Closed,464,-6.282224999999016,-12.564449999998033,-15.564449999998033
465,465,0,1.0,2024-02-07 04:38:00,17663.016125,0.0,2024-02-07 04:56:00,17658.483975,0.0,-4.532149999999092,-0.00025658981274349554,Long,Closed,465,-4.532149999999092,-9.064299999998184,-12.064299999998184
466,466,0,1.0,2024-02-07 05:22:00,17663.016125,0.0,2024-02-07 05:37:00,17652.984525,0.0,-10.031599999998434,-0.0005679437718340664,Long,Closed,466,-10.031599999998434,-20.06319999999687,-23.06319999999687
467,467,0,1.0,2024-02-07 05:51:00,17664.26625,0.0,2024-02-07 06:10:00,17659.2339,0.0,-5.0323500000013155,-0.00028488870858144565,Long,Closed,467,-5.0323500000013155,-10.064700000002631,-13.064700000002631
468,468,0,1.0,2024-02-07 07:06:00,17652.015025,0.0,2024-02-07 07:19:00,17641.2357,0.0,-10.779324999999517,-0.00061065691280758,Long,Closed,468,-10.779324999999517,-21.558649999999034,-24.558649999999034
469,469,0,1.0,2024-02-07 08:04:00,17646.514475,0.0,2024-02-07 10:36:00,17662.2336,0.0,15.719124999999622,0.0008907778939727202,Long,Closed,469,15.719124999999622,31.438249999999243,28.438249999999243
470,470,0,1.0,2024-02-07 11:21:00,17667.7666,0.0,2024-02-07 12:03:00,17662.2336,0.0,-5.532999999999447,-0.0003131691812138523,Long,Closed,470,-5.532999999999447,-11.065999999998894,-14.065999999998894
471,471,0,1.0,2024-02-07 12:35:00,17683.7682,0.0,2024-02-07 14:40:00,17727.2271,0.0,43.45890000000145,0.0024575587911179163,Long,Closed,471,43.45890000000145,86.9178000000029,83.9178000000029
472,472,0,1.0,2024-02-07 15:14:00,17807.530575,0.0,2024-02-07 16:03:00,17823.71745,0.0,16.186874999999418,0.0009089904370415165,Long,Closed,472,16.186874999999418,32.373749999998836,29.373749999998836
473,473,0,1.0,2024-02-07 16:52:00,17836.533475,0.0,2024-02-07 17:27:00,17815.968225,0.0,-20.56524999999965,-0.0011529846889152687,Long,Closed,473,-20.56524999999965,-41.1304999999993,-44.1304999999993
474,474,0,1.0,2024-02-07 18:04:00,17818.531675,0.0,2024-02-07 18:05:00,17792.470575,0.0,-26.061099999998987,-0.001462584037525583,Long,Closed,474,-26.061099999998987,-52.122199999997974,-55.122199999997974
475,475,0,1.0,2024-02-07 18:08:00,17810.28085,0.0,2024-02-07 19:20:00,17836.966125,0.0,26.68527499999982,0.0014983073666690562,Long,Closed,475,26.68527499999982,53.37054999999964,50.37054999999964
476,476,0,1.0,2024-02-07 19:25:00,17853.535175,0.0,2024-02-07 19:26:00,17846.2152,0.0,-7.3199750000021595,-0.00041000143267156384,Long,Closed,476,-7.3199750000021595,-14.639950000004319,-17.63995000000432
477,477,0,1.0,2024-02-07 19:50:00,17852.035025,0.0,2024-02-07 20:33:00,17844.2154,0.0,-7.819625000000087,-0.00043802429185521314,Long,Closed,477,-7.819625000000087,-15.639250000000175,-18.639250000000175
478,478,0,1.0,2024-02-07 21:16:00,17860.28585,0.0,2024-02-07 23:07:00,17838.71595,0.0,-21.569899999998597,-0.001207701835298375,Long,Closed,478,-21.569899999998597,-43.139799999997194,-46.139799999997194
479,479,0,1.0,2024-02-08 00:27:00,17843.28415,0.0,2024-02-08 00:53:00,17836.466175,0.0,-6.817974999998114,-0.0003821031455130481,Long,Closed,479,-6.817974999998114,-13.635949999996228,-16.635949999996228
480,480,0,1.0,2024-02-08 01:18:00,17843.034125,0.0,2024-02-08 01:30:00,17836.966125,0.0,-6.0679999999993015,-0.0003400766908525599,Long,Closed,480,-6.0679999999993015,-12.135999999998603,-15.135999999998603
481,481,0,1.0,2024-02-08 01:34:00,17844.7843,0.0,2024-02-08 02:33:00,17845.965225,0.0,1.1809250000005704,6.617760014059517e-05,Long,Closed,481,1.1809250000005704,2.361850000001141,-0.6381499999988591
482,482,0,1.0,2024-02-08 03:10:00,17849.7848,0.0,2024-02-08 03:19:00,17844.965325,0.0,-4.819475000000239,-0.0002700018545881986,Long,Closed,482,-4.819475000000239,-9.638950000000477,-12.638950000000477
483,483,0,1.0,2024-02-08 03:27:00,17849.034725,0.0,2024-02-08 03:28:00,17845.2153,0.0,-3.8194250000015018,-0.00021398496102715726,Long,Closed,483,-3.8194250000015018,-7.6388500000030035,-10.638850000003004
484,484,0,1.0,2024-02-08 03:56:00,17848.034625,0.0,2024-02-08 05:06:00,17848.215,0.0,0.1803749999999127,1.0106154755395803e-05,Long,Closed,484,0.1803749999999127,0.3607499999998254,-2.6392500000001746
485,485,0,1.0,2024-02-08 05:23:00,17854.28525,0.0,2024-02-08 05:39:00,17848.215,0.0,-6.070250000000669,-0.00033998840698485364,Long,Closed,485,-6.070250000000669,-12.140500000001339,-15.140500000001339
486,486,0,1.0,2024-02-08 06:30:00,17850.534875,0.0,2024-02-08 07:30:00,17853.214500000002,0.0,2.6796250000006694,0.00015011454943871362,Long,Closed,486,2.6796250000006694,5.359250000001339,2.3592500000013388
487,487,0,1.0,2024-02-08 09:01:00,17843.7842,0.0,2024-02-08 09:56:00,17845.465275,0.0,1.681075000000419,9.421067757591573e-05,Long,Closed,487,1.681075000000419,3.362150000000838,0.3621500000008382
488,488,0,1.0,2024-02-08 12:15:00,17822.7821,0.0,2024-02-08 12:41:00,17810.71875,0.0,-12.063350000000355,-0.0006768499963875087,Long,Closed,488,-12.063350000000355,-24.12670000000071,-27.12670000000071
489,489,0,1.0,2024-02-08 12:47:00,17816.031425,0.0,2024-02-08 12:58:00,17805.719250000002,0.0,-10.312174999999115,-0.000578814369710235,Long,Closed,489,-10.312174999999115,-20.62434999999823,-23.62434999999823
490,490,0,1.0,2024-02-08 13:39:00,17823.7822,0.0,2024-02-08 14:48:00,17823.2175,0.0,-0.564700000002631,-3.168238893777724e-05,Long,Closed,490,-0.564700000002631,-1.129400000005262,-4.129400000005262
491,491,0,1.0,2024-02-08 14:53:00,17842.28405,0.0,2024-02-08 15:32:00,17825.71725,0.0,-16.566799999996874,-0.0009285134096941403,Long,Closed,491,-16.566799999996874,-33.13359999999375,-36.13359999999375
492,492,0,1.0,2024-02-08 15:40:00,17849.7848,0.0,2024-02-08 16:31:00,17867.2131,0.0,17.42829999999958,0.0009763871214850489,Long,Closed,492,17.42829999999958,34.85659999999916,31.856599999999162
493,493,0,1.0,2024-02-08 16:58:00,17889.038725,0.0,2024-02-08 17:10:00,17867.463075,0.0,-21.57564999999886,-0.00120608213396323,Long,Closed,493,-21.57564999999886,-43.15129999999772,-46.15129999999772
494,494,0,1.0,2024-02-08 17:18:00,17883.7882,0.0,2024-02-08 17:43:00,17870.462775,0.0,-13.325424999999086,-0.0007451119891924848,Long,Closed,494,-13.325424999999086,-26.650849999998172,-29.650849999998172
495,495,0,1.0,2024-02-08 18:09:00,17875.28735,0.0,2024-02-08 18:18:00,17865.463275000002,0.0,-9.82407499999681,-0.0005495897664546808,Long,Closed,495,-9.82407499999681,-19.64814999999362,-22.64814999999362
496,496,0,1.0,2024-02-08 18:27:00,17879.28775,0.0,2024-02-08 18:52:00,17864.2134,0.0,-15.074349999998958,-0.0008431180375179631,Long,Closed,496,-15.074349999998958,-30.148699999997916,-33.148699999997916
497,497,0,1.0,2024-02-08 19:52:00,17857.7856,0.0,2024-02-08 20:42:00,17861.463675,0.0,3.678074999999808,0.0002059647865858468,Long,Closed,497,3.678074999999808,7.356149999999616,4.356149999999616
498,498,0,1.0,2024-02-08 21:23:00,17865.7864,0.0,2024-02-08 23:02:00,17857.2141,0.0,-8.572299999999814,-0.00047981655036465754,Long,Closed,498,-8.572299999999814,-17.144599999999627,-20.144599999999627
499,499,0,1.0,2024-02-08 23:27:00,17865.536375,0.0,2024-02-09 00:38:00,17867.2131,0.0,1.67672500000117,9.385248585916973e-05,Long,Closed,499,1.67672500000117,3.35345000000234,0.35345000000233995
500,500,0,1.0,2024-02-09 00:44:00,17874.7873,0.0,2024-02-09 00:50:00,17863.71345,0.0,-11.073850000000675,-0.0006195234558120127,Long,Closed,500,-11.073850000000675,-22.14770000000135,-25.14770000000135
501,501,0,1.0,2024-02-09 02:15:00,17860.7859,0.0,2024-02-09 04:36:00,17864.71335,0.0,3.927450000002864,0.00021989233967598617,Long,Closed,501,3.927450000002864,7.854900000005728,4.854900000005728
502,502,0,1.0,2024-02-09 04:52:00,17869.28675,0.0,2024-02-09 04:54:00,17865.2133,0.0,-4.073449999999866,-0.00022795817521926924,Long,Closed,502,-4.073449999999866,-8.146899999999732,-11.146899999999732
503,503,0,1.0,2024-02-09 05:10:00,17871.536975,0.0,2024-02-09 05:44:00,17866.463175,0.0,-5.0737999999983,-0.0002839039533698696,Long,Closed,503,-5.0737999999983,-10.1475999999966,-13.1475999999966
504,504,0,1.0,2024-02-09 06:38:00,17868.536675,0.0,2024-02-09 06:53:00,17860.963725,0.0,-7.572949999997945,-0.00042381478336686156,Long,Closed,504,-7.572949999997945,-15.14589999999589,-18.14589999999589
505,505,0,1.0,2024-02-09 07:05:00,17870.536875,0.0,2024-02-09 09:07:00,17904.70935,0.0,34.172474999999395,0.00191222430747478,Long,Closed,505,34.172474999999395,68.34494999999879,65.34494999999879
506,506,0,1.0,2024-02-09 09:48:00,17907.29055,0.0,2024-02-09 10:57:00,17909.958825,0.0,2.668274999999994,0.00014900495373935808,Long,Closed,506,2.668274999999994,5.336549999999988,2.3365499999999884
507,507,0,1.0,2024-02-09 11:33:00,17917.541575,0.0,2024-02-09 12:45:00,17928.456975,0.0,10.915400000001682,0.0006092018793042305,Long,Closed,507,10.915400000001682,21.830800000003364,18.830800000003364
508,508,0,1.0,2024-02-09 13:33:00,17959.29575,0.0,2024-02-09 14:06:00,17923.457475,0.0,-35.838275000001886,-0.001995527859159059,Long,Closed,508,-35.838275000001886,-71.67655000000377,-74.67655000000377
509,509,0,1.0,2024-02-09 14:58:00,17924.29225,0.0,2024-02-09 16:27:00,17977.952025,0.0,53.65977500000008,0.0029936900297974156,Long,Closed,509,53.65977500000008,107.31955000000016,104.31955000000016
510,510,0,1.0,2024-02-09 16:48:00,17996.29945,0.0,2024-02-09 17:08:00,17982.2016,0.0,-14.097849999998289,-0.0007833749398962291,Long,Closed,510,-14.097849999998289,-28.195699999996577,-31.195699999996577
511,511,0,1.0,2024-02-09 17:30:00,18003.550175,0.0,2024-02-09 19:16:00,18033.69645,0.0,30.14627499999915,0.0016744627980019586,Long,Closed,511,30.14627499999915,60.2925499999983,57.2925499999983
512,512,0,1.0,2024-02-09 19:21:00,18043.30415,0.0,2024-02-09 20:04:00,18037.446075,0.0,-5.858075000000099,-0.0003246675304755697,Long,Closed,512,-5.858075000000099,-11.716150000000198,-14.716150000000198
513,513,0,1.0,2024-02-09 21:46:00,18035.30335,0.0,2024-02-11 23:03:00,18007.69905,0.0,-27.604299999999057,-0.0015305703189072814,Long,Closed,513,-27.604299999999057,-55.208599999998114,-58.208599999998114
514,514,0,1.0,2024-02-11 23:30:00,18033.8032,0.0,2024-02-12 00:12:00,18026.69715,0.0,-7.106049999998504,-0.0003940405648875277,Long,Closed,514,-7.106049999998504,-14.212099999997008,-17.212099999997008
515,515,0,1.0,2024-02-12 00:34:00,18036.803499999998,0.0,2024-02-12 01:51:00,18032.446575,0.0,-4.356924999996409,-0.00024155749104858902,Long,Closed,515,-4.356924999996409,-8.713849999992817,-11.713849999992817
516,516,0,1.0,2024-02-12 02:37:00,18036.053425,0.0,2024-02-12 02:46:00,18031.69665,0.0,-4.35677499999656,-0.00024155922015387134,Long,Closed,516,-4.35677499999656,-8.71354999999312,-11.71354999999312
517,517,0,1.0,2024-02-12 02:48:00,18035.30335,0.0,2024-02-12 02:59:00,18029.446875,0.0,-5.856474999996863,-0.00032472284420970735,Long,Closed,517,-5.856474999996863,-11.712949999993725,-14.712949999993725
518,518,0,1.0,2024-02-12 03:09:00,18035.8034,0.0,2024-02-12 03:13:00,18030.69675,0.0,-5.106650000001537,-0.00028313959110917876,Long,Closed,518,-5.106650000001537,-10.213300000003073,-13.213300000003073
519,519,0,1.0,2024-02-12 04:12:00,18033.053125,0.0,2024-02-12 04:33:00,18024.69735,0.0,-8.355774999999994,-0.0004633588634204168,Long,Closed,519,-8.355774999999994,-16.71154999999999,-19.71154999999999
520,520,0,1.0,2024-02-12 06:05:00,18022.052025,0.0,2024-02-12 07:03:00,18021.447675,0.0,-0.6043500000014319,-3.3533917178969626e-05,Long,Closed,520,-0.6043500000014319,-1.2087000000028638,-4.208700000002864
521,521,0,1.0,2024-02-12 07:08:00,18029.552775,0.0,2024-02-12 08:52:00,18040.1958,0.0,10.643025000001217,0.0005903099834378014,Long,Closed,521,10.643025000001217,21.286050000002433,18.286050000002433
522,522,0,1.0,2024-02-12 09:05:00,18051.805,0.0,2024-02-12 09:54:00,18050.444775,0.0,-1.360225000000355,-7.535119064272825e-05,Long,Closed,522,-1.360225000000355,-2.72045000000071,-5.72045000000071
523,523,0,1.0,2024-02-12 10:21:00,18052.555075,0.0,2024-02-12 10:24:00,18049.69485,0.0,-2.860225000000355,-0.00015843879096989017,Long,Closed,523,-2.860225000000355,-5.72045000000071,-8.72045000000071
524,524,0,1.0,2024-02-12 11:20:00,18055.055325,0.0,2024-02-12 11:38:00,18042.445575,0.0,-12.609749999999622,-0.0006984055032243231,Long,Closed,524,-12.609749999999622,-25.219499999999243,-28.219499999999243
525,525,0,1.0,2024-02-12 13:07:00,18044.30425,0.0,2024-02-12 13:36:00,18036.446175,0.0,-7.858075000000099,-0.0004354878354481359,Long,Closed,525,-7.858075000000099,-15.716150000000198,-18.716150000000198
526,526,0,1.0,2024-02-12 14:36:00,18046.8045,0.0,2024-02-12 14:50:00,18017.948025,0.0,-28.856474999996863,-0.0015989797528973544,Long,Closed,526,-28.856474999996863,-57.712949999993725,-60.712949999993725
527,527,0,1.0,2024-02-12 14:59:00,18038.053625,0.0,2024-02-12 15:08:00,18020.69775,0.0,-17.355875000001106,-0.0009621811399843372,Long,Closed,527,-17.355875000001106,-34.71175000000221,-37.71175000000221
528,528,0,1.0,2024-02-12 15:30:00,18034.553275,0.0,2024-02-12 17:10:00,18097.1901,0.0,62.63682500000141,0.0034731564483402163,Long,Closed,528,62.63682500000141,125.27365000000282,122.27365000000282
529,529,0,1.0,2024-02-12 17:11:00,18107.060525,0.0,2024-02-12 17:17:00,18093.940425,0.0,-13.120100000000093,-0.0007245847542115118,Long,Closed,529,-13.120100000000093,-26.240200000000186,-29.240200000000186
530,530,0,1.0,2024-02-12 17:55:00,18096.8095,0.0,2024-02-12 18:26:00,18070.692750000002,0.0,-26.11674999999741,-0.0014431687530333682,Long,Closed,530,-26.11674999999741,-52.23349999999482,-55.23349999999482
531,531,0,1.0,2024-02-12 20:12:00,17979.29775,0.0,2024-02-12 20:43:00,17964.453375,0.0,-14.844375000000582,-0.0008256370858533994,Long,Closed,531,-14.844375000000582,-29.688750000001164,-32.688750000001164
532,532,0,1.0,2024-02-12 21:58:00,17930.542875,0.0,2024-02-12 23:19:00,17920.457775,0.0,-10.085100000000239,-0.0005624536897910426,Long,Closed,532,-10.085100000000239,-20.170200000000477,-23.170200000000477
533,533,0,1.0,2024-02-12 23:24:00,17934.543275,0.0,2024-02-13 00:08:00,17927.457075,0.0,-7.086200000001554,-0.0003951146060061323,Long,Closed,533,-7.086200000001554,-14.172400000003108,-17.17240000000311
534,534,0,1.0,2024-02-13 00:44:00,17934.043225,0.0,2024-02-13 00:52:00,17925.70725,0.0,-8.335975000001781,-0.0004648129200659814,Long,Closed,534,-8.335975000001781,-16.671950000003562,-19.671950000003562
535,535,0,1.0,2024-02-13 00:57:00,17933.043125,0.0,2024-02-13 01:10:00,17924.2074,0.0,-8.83572500000082,-0.0004927063933551334,Long,Closed,535,-8.83572500000082,-17.67145000000164,-20.67145000000164
536,536,0,1.0,2024-02-13 01:51:00,17928.792699999998,0.0,2024-02-13 02:09:00,17923.70745,0.0,-5.085249999996449,-0.0002836359416435469,Long,Closed,536,-5.085249999996449,-10.170499999992899,-13.170499999992899
537,537,0,1.0,2024-02-13 02:15:00,17928.542675,0.0,2024-02-13 03:08:00,17929.956825,0.0,1.414150000000518,7.887701893207658e-05,Long,Closed,537,1.414150000000518,2.828300000001036,-0.1716999999989639
538,538,0,1.0,2024-02-13 04:25:00,17931.542975,0.0,2024-02-13 04:45:00,17926.707150000002,0.0,-4.8358249999982945,-0.0002696825926659161,Long,Closed,538,-4.8358249999982945,-9.671649999996589,-12.671649999996589
539,539,0,1.0,2024-02-13 04:47:00,17932.043025,0.0,2024-02-13 06:59:00,17952.454575,0.0,20.411550000000716,0.0011382724194640792,Long,Closed,539,20.411550000000716,40.82310000000143,37.82310000000143
540,540,0,1.0,2024-02-13 08:06:00,17963.29615,0.0,2024-02-13 08:19:00,17944.70535,0.0,-18.590799999998126,-0.0010349325560720173,Long,Closed,540,-18.590799999998126,-37.18159999999625,-40.18159999999625
541,541,0,1.0,2024-02-13 10:41:00,17862.036025,0.0,2024-02-13 10:43:00,17857.71405,0.0,-4.321975000002567,-0.0002419642975724301,Long,Closed,541,-4.321975000002567,-8.643950000005134,-11.643950000005134
542,542,0,1.0,2024-02-13 11:27:00,17858.285649999998,0.0,2024-02-13 11:38:00,17849.2149,0.0,-9.070749999998952,-0.0005079294943408498,Long,Closed,542,-9.070749999998952,-18.141499999997905,-21.141499999997905
543,543,0,1.0,2024-02-13 12:37:00,17831.28295,0.0,2024-02-13 12:45:00,17822.2176,0.0,-9.065350000000763,-0.0005083958358700579,Long,Closed,543,-9.065350000000763,-18.130700000001525,-21.130700000001525
544,544,0,1.0,2024-02-13 13:01:00,17835.7834,0.0,2024-02-13 13:32:00,17721.977625,0.0,-113.80577500000072,-0.006380755610656312,Long,Closed,544,-113.80577500000072,-227.61155000000144,-230.61155000000144
545,545,0,1.0,2024-02-13 14:41:00,17651.014925,0.0,2024-02-13 16:19:00,17735.976225,0.0,84.96129999999903,0.004813394604276503,Long,Closed,545,84.96129999999903,169.92259999999806,166.92259999999806
546,546,0,1.0,2024-02-13 16:43:00,17757.7756,0.0,2024-02-13 16:55:00,17729.476875,0.0,-28.29872500000056,-0.0015935962722718807,Long,Closed,546,-28.29872500000056,-56.59745000000112,-59.59745000000112
547,547,0,1.0,2024-02-13 17:40:00,17721.521975,0.0,2024-02-13 17:54:00,17687.2311,0.0,-34.29087499999878,-0.0019349847630679463,Long,Closed,547,-34.29087499999878,-68.58174999999756,-71.58174999999756
548,548,0,1.0,2024-02-13 19:39:00,17639.013725,0.0,2024-02-13 19:53:00,17586.491175,0.0,-52.5225500000015,-0.002977635304266509,Long,Closed,548,-52.5225500000015,-105.045100000003,-108.045100000003
549,549,0,1.0,2024-02-13 20:37:00,17591.008925,0.0,2024-02-13 23:05:00,17687.981025,0.0,96.97210000000268,0.005512594554038787,Long,Closed,549,96.97210000000268,193.94420000000537,190.94420000000537
550,550,0,1.0,2024-02-13 23:39:00,17696.019425,0.0,2024-02-13 23:58:00,17687.481075,0.0,-8.5383499999989,-0.0004825011656540324,Long,Closed,550,-8.5383499999989,-17.0766999999978,-20.0766999999978
551,551,0,1.0,2024-02-14 00:00:00,17692.019025,0.0,2024-02-14 00:06:00,17685.73125,0.0,-6.287775000000693,-0.0003554017769885759,Long,Closed,551,-6.287775000000693,-12.575550000001385,-15.575550000001385
552,552,0,1.0,2024-02-14 00:50:00,17690.26885,0.0,2024-02-14 01:17:00,17673.73245,0.0,-16.536400000000867,-0.000934773809274293,Long,Closed,552,-16.536400000000867,-33.072800000001735,-36.072800000001735
553,553,0,1.0,2024-02-14 01:54:00,17686.018425,0.0,2024-02-14 02:32:00,17674.2324,0.0,-11.786024999997608,-0.000666403523776585,Long,Closed,553,-11.786024999997608,-23.572049999995215,-26.572049999995215
554,554,0,1.0,2024-02-14 03:11:00,17676.26745,0.0,2024-02-14 04:02:00,17674.482375,0.0,-1.7850749999997788,-0.00010098710064492596,Long,Closed,554,-1.7850749999997788,-3.5701499999995576,-6.570149999999558
555,555,0,1.0,2024-02-14 04:49:00,17677.517574999998,0.0,2024-02-14 05:57:00,17682.481575,0.0,4.96400000000358,0.0002808086587351946,Long,Closed,555,4.96400000000358,9.92800000000716,6.9280000000071595
556,556,0,1.0,2024-02-14 06:08:00,17690.018825,0.0,2024-02-14 08:14:00,17730.976725,0.0,40.957900000001246,0.0023153112727115057,Long,Closed,556,40.957900000001246,81.91580000000249,78.91580000000249
557,557,0,1.0,2024-02-14 08:26:00,17744.7743,0.0,2024-02-14 10:26:00,17776.472175,0.0,31.69787499999802,0.0017863216778135082,Long,Closed,557,31.69787499999802,63.39574999999604,60.39574999999604
558,558,0,1.0,2024-02-14 10:53:00,17789.528775,0.0,2024-02-14 11:06:00,17767.2231,0.0,-22.30567499999961,-0.0012538654217387841,Long,Closed,558,-22.30567499999961,-44.61134999999922,-47.61134999999922
559,559,0,1.0,2024-02-14 11:52:00,17783.7782,0.0,2024-02-14 12:38:00,17785.72125,0.0,1.9430499999980384,0.00010925968476136518,Long,Closed,559,1.9430499999980384,3.886099999996077,0.8860999999960768
560,560,0,1.0,2024-02-14 13:05:00,17806.030425,0.0,2024-02-14 13:23:00,17784.971325,0.0,-21.059100000002218,-0.0011826948228974633,Long,Closed,560,-21.059100000002218,-42.118200000004435,-45.118200000004435
561,561,0,1.0,2024-02-14 14:29:00,17791.528975,0.0,2024-02-14 14:42:00,17760.473775,0.0,-31.055200000002515,-0.0017455048435488672,Long,Closed,561,-31.055200000002515,-62.11040000000503,-65.11040000000503
562,562,0,1.0,2024-02-14 15:04:00,17786.528475,0.0,2024-02-14 15:45:00,17789.470875,0.0,2.942399999999907,0.0001654285716369904,Long,Closed,562,2.942399999999907,5.884799999999814,2.8847999999998137
563,563,0,1.0,2024-02-14 16:33:00,17761.775999999998,0.0,2024-02-14 16:52:00,17738.975925,0.0,-22.800074999999197,-0.0012836596407926324,Long,Closed,563,-22.800074999999197,-45.60014999999839,-48.60014999999839
564,564,0,1.0,2024-02-14 16:55:00,17747.524575,0.0,2024-02-14 16:58:00,17725.477275,0.0,-22.04729999999836,-0.0012422746567741186,Long,Closed,564,-22.04729999999836,-44.09459999999672,-47.09459999999672
565,565,0,1.0,2024-02-14 17:25:00,17741.023925,0.0,2024-02-14 18:14:00,17742.72555,0.0,1.7016249999978754,9.591470070676178e-05,Long,Closed,565,1.7016249999978754,3.403249999995751,0.40324999999575084
566,566,0,1.0,2024-02-14 18:36:00,17794.27925,0.0,2024-02-14 19:05:00,17762.72355,0.0,-31.555700000000797,-0.0017733620764662777,Long,Closed,566,-31.555700000000797,-63.111400000001595,-66.1114000000016
567,567,0,1.0,2024-02-14 19:32:00,17783.27815,0.0,2024-02-14 21:58:00,17869.2129,0.0,85.93475000000035,0.004832334582811458,Long,Closed,567,85.93475000000035,171.8695000000007,168.8695000000007
568,568,0,1.0,2024-02-14 23:27:00,17875.7874,0.0,2024-02-15 00:10:00,17871.962625,0.0,-3.8247750000009546,-0.0002139640013844064,Long,Closed,568,-3.8247750000009546,-7.649550000001909,-10.64955000000191
569,569,0,1.0,2024-02-15 00:43:00,17877.037525,0.0,2024-02-15 00:55:00,17869.2129,0.0,-7.824625000001106,-0.00043769136743483487,Long,Closed,569,-7.824625000001106,-15.649250000002212,-18.649250000002212
570,570,0,1.0,2024-02-15 01:59:00,17853.535175,0.0,2024-02-15 02:08:00,17846.71515,0.0,-6.820025000000896,-0.00038199857524860736,Long,Closed,570,-6.820025000000896,-13.640050000001793,-16.640050000001793
571,571,0,1.0,2024-02-15 02:22:00,17853.535175,0.0,2024-02-15 03:44:00,17872.962525,0.0,19.427349999998114,0.0010881514394528373,Long,Closed,571,19.427349999998114,38.85469999999623,35.85469999999623
572,572,0,1.0,2024-02-15 04:29:00,17875.037325,0.0,2024-02-15 05:14:00,17870.962725,0.0,-4.0745999999999185,-0.00022794917436626488,Long,Closed,572,-4.0745999999999185,-8.149199999999837,-11.149199999999837
573,573,0,1.0,2024-02-15 05:24:00,17880.537874999998,0.0,2024-02-15 05:55:00,17875.462275,0.0,-5.075599999996484,-0.00028386170681660687,Long,Closed,573,-5.075599999996484,-10.151199999992969,-13.151199999992969
574,574,0,1.0,2024-02-15 06:21:00,17879.28775,0.0,2024-02-15 08:01:00,17906.2092,0.0,26.92145000000164,0.0015057339182877486,Long,Closed,574,26.92145000000164,53.84290000000328,50.84290000000328
575,575,0,1.0,2024-02-15 08:18:00,17919.7918,0.0,2024-02-15 08:52:00,17906.70915,0.0,-13.082650000000285,-0.0007300670758909312,Long,Closed,575,-13.082650000000285,-26.16530000000057,-29.16530000000057
576,576,0,1.0,2024-02-15 10:11:00,17900.28985,0.0,2024-02-15 10:23:00,17883.71145,0.0,-16.578400000002148,-0.0009261526008195977,Long,Closed,576,-16.578400000002148,-33.156800000004296,-36.156800000004296
577,577,0,1.0,2024-02-15 10:35:00,17898.539675,0.0,2024-02-15 10:53:00,17884.461375,0.0,-14.078300000001036,-0.0007865613762705496,Long,Closed,577,-14.078300000001036,-28.156600000002072,-31.156600000002072
578,578,0,1.0,2024-02-15 11:01:00,17899.039725,0.0,2024-02-15 11:45:00,17896.960125,0.0,-2.079599999997299,-0.00011618500388558131,Long,Closed,578,-2.079599999997299,-4.159199999994598,-7.159199999994598
579,579,0,1.0,2024-02-15 12:04:00,17907.540575,0.0,2024-02-15 12:55:00,17903.959425,0.0,-3.5811499999981606,-0.0001999800019996973,Long,Closed,579,-3.5811499999981606,-7.162299999996321,-10.162299999996321
580,580,0,1.0,2024-02-15 13:35:00,17913.29115,0.0,2024-02-15 13:51:00,17885.2113,0.0,-28.079850000001898,-0.0015675427683763123,Long,Closed,580,-28.079850000001898,-56.159700000003795,-59.159700000003795
581,581,0,1.0,2024-02-15 15:19:00,17851.034925,0.0,2024-02-15 15:29:00,17811.2187,0.0,-39.81622499999867,-0.002230471519846554,Long,Closed,581,-39.81622499999867,-79.63244999999733,-82.63244999999733
582,582,0,1.0,2024-02-15 15:48:00,17835.7834,0.0,2024-02-15 16:05:00,17802.71955,0.0,-33.06384999999864,-0.0018537929766515688,Long,Closed,582,-33.06384999999864,-66.12769999999728,-69.12769999999728
583,583,0,1.0,2024-02-15 16:31:00,17835.28335,0.0,2024-02-15 17:10:00,17832.71655,0.0,-2.5668000000005122,-0.0001439169734301144,Long,Closed,583,-2.5668000000005122,-5.1336000000010245,-8.133600000001024
584,584,0,1.0,2024-02-15 17:13:00,17851.534975,0.0,2024-02-15 18:00:00,17851.464675,0.0,-0.07029999999940628,-3.938036706527321e-06,Long,Closed,584,-0.07029999999940628,-0.14059999999881256,-3.1405999999988126
585,585,0,1.0,2024-02-15 18:11:00,17887.038525,0.0,2024-02-15 18:56:00,17900.70975,0.0,13.671225000001868,0.0007643090263876909,Long,Closed,585,13.671225000001868,27.342450000003737,24.342450000003737
586,586,0,1.0,2024-02-15 19:27:00,17907.540575,0.0,2024-02-15 20:04:00,17904.459375,0.0,-3.0812000000005355,-0.00017206159534280635,Long,Closed,586,-3.0812000000005355,-6.162400000001071,-9.162400000001071
587,587,0,1.0,2024-02-15 20:55:00,17911.29095,0.0,2024-02-15 21:50:00,17952.70455,0.0,41.41359999999986,0.0023121504818166033,Long,Closed,587,41.41359999999986,82.82719999999972,79.82719999999972
588,588,0,1.0,2024-02-15 21:58:00,17958.7957,0.0,2024-02-15 23:05:00,17950.954725,0.0,-7.840974999999162,-0.0004366091764159421,Long,Closed,588,-7.840974999999162,-15.681949999998324,-18.681949999998324
589,589,0,1.0,2024-02-15 23:44:00,17956.7955,0.0,2024-02-16 00:07:00,17949.704850000002,0.0,-7.090649999998277,-0.0003948727934223162,Long,Closed,589,-7.090649999998277,-14.181299999996554,-17.181299999996554
590,590,0,1.0,2024-02-16 01:30:00,17935.7934,0.0,2024-02-16 01:39:00,17921.457675,0.0,-14.335724999997183,-0.0007992802258748801,Long,Closed,590,-14.335724999997183,-28.671449999994365,-31.671449999994365
591,591,0,1.0,2024-02-16 01:58:00,17932.29305,0.0,2024-02-16 02:08:00,17923.2075,0.0,-9.085549999999785,-0.0005066585725911826,Long,Closed,591,-9.085549999999785,-18.17109999999957,-21.17109999999957
592,592,0,1.0,2024-02-16 02:17:00,17930.7929,0.0,2024-02-16 03:31:00,17933.70645,0.0,2.9135500000011234,0.00016248863149833845,Long,Closed,592,2.9135500000011234,5.827100000002247,2.827100000002247
593,593,0,1.0,2024-02-16 03:44:00,17943.044125,0.0,2024-02-16 04:55:00,17940.70575,0.0,-2.3383749999993597,-0.00013032208936839806,Long,Closed,593,-2.3383749999993597,-4.676749999998719,-7.676749999998719
594,594,0,1.0,2024-02-16 05:12:00,17947.7946,0.0,2024-02-16 05:26:00,17939.70585,0.0,-8.08875000000262,-0.00045068211333344646,Long,Closed,594,-8.08875000000262,-16.17750000000524,-19.17750000000524
595,595,0,1.0,2024-02-16 06:21:00,17940.043825,0.0,2024-02-16 06:23:00,17932.456575,0.0,-7.587250000000495,-0.0004229226011938404,Long,Closed,595,-7.587250000000495,-15.17450000000099,-18.17450000000099
596,596,0,1.0,2024-02-16 06:33:00,17939.29375,0.0,2024-02-16 09:12:00,17996.2002,0.0,56.906449999998586,0.00317216780064146,Long,Closed,596,56.906449999998586,113.81289999999717,110.81289999999717
597,597,0,1.0,2024-02-16 09:29:00,18018.30165,0.0,2024-02-16 10:00:00,18005.1993,0.0,-13.102350000001024,-0.0007271689782150486,Long,Closed,597,-13.102350000001024,-26.20470000000205,-29.20470000000205
598,598,0,1.0,2024-02-16 10:04:00,18018.8017,0.0,2024-02-16 10:58:00,18014.69835,0.0,-4.103350000001228,-0.00022772602020484128,Long,Closed,598,-4.103350000001228,-8.206700000002456,-11.206700000002456
599,599,0,1.0,2024-02-16 11:14:00,18026.30245,0.0,2024-02-16 11:23:00,18015.69825,0.0,-10.604199999997945,-0.0005882626250952505,Long,Closed,599,-10.604199999997945,-21.20839999999589,-24.20839999999589
600,600,0,1.0,2024-02-16 11:43:00,18021.551975,0.0,2024-02-16 11:51:00,18015.448275,0.0,-6.103699999999662,-0.00033868892137962843,Long,Closed,600,-6.103699999999662,-12.207399999999325,-15.207399999999325
601,601,0,1.0,2024-02-16 13:17:00,18006.8005,0.0,2024-02-16 13:24:00,17990.950725,0.0,-15.84977500000241,-0.000880210507136035,Long,Closed,601,-15.84977500000241,-31.69955000000482,-34.69955000000482
602,602,0,1.0,2024-02-16 14:13:00,17946.7945,0.0,2024-02-16 14:26:00,17933.456475,0.0,-13.338025000000926,-0.0007431981794855302,Long,Closed,602,-13.338025000000926,-26.67605000000185,-29.67605000000185
603,603,0,1.0,2024-02-16 15:41:00,17813.7812,0.0,2024-02-16 17:14:00,17860.71375,0.0,46.93254999999772,0.0026346203241789964,Long,Closed,603,46.93254999999772,93.86509999999544,90.86509999999544
604,604,0,1.0,2024-02-16 17:30:00,17881.287949999998,0.0,2024-02-16 17:41:00,17858.71395,0.0,-22.573999999996886,-0.001262437027082095,Long,Closed,604,-22.573999999996886,-45.14799999999377,-48.14799999999377
605,605,0,1.0,2024-02-16 18:38:00,17845.284349999998,0.0,2024-02-16 19:38:00,17871.2127,0.0,25.928350000001956,0.001452952471446719,Long,Closed,605,25.928350000001956,51.85670000000391,48.85670000000391
606,606,0,1.0,2024-02-16 20:33:00,17780.027825,0.0,2024-02-16 20:40:00,17768.972925000002,0.0,-11.05489999999918,-0.0006217594319203028,Long,Closed,606,-11.05489999999918,-22.10979999999836,-25.10979999999836
607,607,0,1.0,2024-02-18 23:01:00,17746.7745,0.0,2024-02-18 23:49:00,17770.472775000002,0.0,23.698275000002468,0.0013353567432776287,Long,Closed,607,23.698275000002468,47.396550000004936,44.396550000004936
608,608,0,1.0,2024-02-18 23:58:00,17777.7776,0.0,2024-02-19 01:22:00,17788.970925,0.0,11.193325000000186,0.0006296245375462558,Long,Closed,608,11.193325000000186,22.386650000000373,19.386650000000373
609,609,0,1.0,2024-02-19 02:21:00,17769.7768,0.0,2024-02-19 03:03:00,17772.972525,0.0,3.195725000001403,0.00017984046935251336,Long,Closed,609,3.195725000001403,6.391450000002806,3.3914500000028056
610,610,0,1.0,2024-02-19 03:08:00,17777.527575,0.0,2024-02-19 03:24:00,17767.72305,0.0,-9.804524999999558,-0.0005515122931822851,Long,Closed,610,-9.804524999999558,-19.609049999999115,-22.609049999999115
611,611,0,1.0,2024-02-19 03:41:00,17773.027125,0.0,2024-02-19 03:46:00,17764.973325,0.0,-8.053800000001502,-0.0004531473419445142,Long,Closed,611,-8.053800000001502,-16.107600000003004,-19.107600000003004
612,612,0,1.0,2024-02-19 03:58:00,17770.026825,0.0,2024-02-19 04:01:00,17765.2233,0.0,-4.803524999999354,-0.00027031613667805217,Long,Closed,612,-4.803524999999354,-9.607049999998708,-12.607049999998708
613,613,0,1.0,2024-02-19 04:13:00,17772.7771,0.0,2024-02-19 04:20:00,17767.473075,0.0,-5.304024999997637,-0.00029843535257062536,Long,Closed,613,-5.304024999997637,-10.608049999995274,-13.608049999995274
614,614,0,1.0,2024-02-19 04:36:00,17774.027224999998,0.0,2024-02-19 05:20:00,17774.972325,0.0,0.9451000000008207,5.3173092852670635e-05,Long,Closed,614,0.9451000000008207,1.8902000000016415,-1.1097999999983585
615,615,0,1.0,2024-02-19 05:31:00,17783.27815,0.0,2024-02-19 06:04:00,17774.472375,0.0,-8.805774999997084,-0.0004951716396561611,Long,Closed,615,-8.805774999997084,-17.611549999994168,-20.611549999994168
616,616,0,1.0,2024-02-19 06:34:00,17784.528275,0.0,2024-02-19 07:03:00,17776.2222,0.0,-8.306075000000419,-0.000467039376674185,Long,Closed,616,-8.306075000000419,-16.612150000000838,-19.612150000000838
617,617,0,1.0,2024-02-19 08:02:00,17766.7765,0.0,2024-02-19 08:24:00,17752.72455,0.0,-14.051950000000943,-0.0007909116209122652,Long,Closed,617,-14.051950000000943,-28.103900000001886,-31.103900000001886
618,618,0,1.0,2024-02-19 08:36:00,17777.7776,0.0,2024-02-19 09:37:00,17772.472575,0.0,-5.3050250000014785,-0.0002984076592341597,Long,Closed,618,-5.3050250000014785,-10.610050000002957,-13.610050000002957
619,619,0,1.0,2024-02-19 09:59:00,17785.528374999998,0.0,2024-02-19 10:25:00,17773.972425,0.0,-11.55594999999812,-0.000649738920112241,Long,Closed,619,-11.55594999999812,-23.11189999999624,-26.11189999999624
620,620,0,1.0,2024-02-19 11:06:00,17776.27745,0.0,2024-02-19 11:26:00,17765.72325,0.0,-10.55420000000231,-0.000593723856397297,Long,Closed,620,-10.55420000000231,-21.10840000000462,-24.10840000000462
621,621,0,1.0,2024-02-19 12:40:00,17764.526275,0.0,2024-02-19 13:07:00,17756.974125,0.0,-7.5521499999995285,-0.0004251253246548804,Long,Closed,621,-7.5521499999995285,-15.104299999999057,-18.104299999999057
622,622,0,1.0,2024-02-19 13:15:00,17772.27705,0.0,2024-02-19 13:58:00,17774.72235,0.0,2.4452999999994063,0.00013759069775470364,Long,Closed,622,2.4452999999994063,4.890599999998813,1.8905999999988126
623,623,0,1.0,2024-02-19 14:01:00,17782.528075,0.0,2024-02-19 14:09:00,17772.972525,0.0,-9.55554999999731,-0.0005373561036819739,Long,Closed,623,-9.55554999999731,-19.11109999999462,-22.11109999999462
624,624,0,1.0,2024-02-19 14:16:00,17787.528575,0.0,2024-02-19 15:09:00,17789.72085,0.0,2.1922750000012456,0.0001232478694697611,Long,Closed,624,2.1922750000012456,4.384550000002491,1.3845500000024913
625,625,0,1.0,2024-02-19 15:11:00,17794.529275,0.0,2024-02-19 15:12:00,17792.2206,0.0,-2.308675000000221,-0.00012974071774091484,Long,Closed,625,-2.308675000000221,-4.617350000000442,-7.617350000000442
626,626,0,1.0,2024-02-19 16:22:00,17785.7784,0.0,2024-02-19 16:48:00,17778.971925,0.0,-6.80647499999759,-0.0003826919939583634,Long,Closed,626,-6.80647499999759,-13.61294999999518,-16.61294999999518
627,627,0,1.0,2024-02-19 17:01:00,17785.528374999998,0.0,2024-02-19 23:05:00,17781.221700000002,0.0,-4.306674999996176,-0.00024214490057263628,Long,Closed,627,-4.306674999996176,-8.613349999992352,-11.613349999992352
628,628,0,1.0,2024-02-20 01:02:00,17736.27345,0.0,2024-02-20 01:40:00,17732.476575,0.0,-3.796875,-0.00021407399985705564,Long,Closed,628,-3.796875,-7.59375,-10.59375
629,629,0,1.0,2024-02-20 02:44:00,17691.26895,0.0,2024-02-20 02:54:00,17683.481475,0.0,-7.787475000000995,-0.0004401874745113179,Long,Closed,629,-7.787475000000995,-15.57495000000199,-18.57495000000199
630,630,0,1.0,2024-02-20 03:35:00,17688.7687,0.0,2024-02-20 03:50:00,17677.482075,0.0,-11.28662500000064,-0.0006380673065164021,Long,Closed,630,-11.28662500000064,-22.57325000000128,-25.57325000000128
631,631,0,1.0,2024-02-20 03:58:00,17683.26815,0.0,2024-02-20 04:07:00,17679.981825,0.0,-3.286325000000943,-0.0001858437576201627,Long,Closed,631,-3.286325000000943,-6.572650000001886,-9.572650000001886
632,632,0,1.0,2024-02-20 04:10:00,17684.7683,0.0,2024-02-20 04:31:00,17679.981825,0.0,-4.786475000000792,-0.00027065522820566396,Long,Closed,632,-4.786475000000792,-9.572950000001583,-12.572950000001583
633,633,0,1.0,2024-02-20 05:13:00,17683.018125,0.0,2024-02-20 05:14:00,17676.73215,0.0,-6.285974999998871,-0.00035548088881455416,Long,Closed,633,-6.285974999998871,-12.571949999997742,-15.571949999997742
634,634,0,1.0,2024-02-20 05:51:00,17689.26875,0.0,2024-02-20 06:56:00,17700.479775,0.0,11.211025000000518,0.0006337754917088089,Long,Closed,634,11.211025000000518,22.422050000001036,19.422050000001036
635,635,0,1.0,2024-02-20 07:01:00,17706.7705,0.0,2024-02-20 07:08:00,17699.72985,0.0,-7.040649999999005,-0.0003976247390792694,Long,Closed,635,-7.040649999999005,-14.08129999999801,-17.08129999999801
636,636,0,1.0,2024-02-20 07:15:00,17713.521174999998,0.0,2024-02-20 07:41:00,17703.2295,0.0,-10.291674999996758,-0.0005810067291714946,Long,Closed,636,-10.291674999996758,-20.583349999993516,-23.583349999993516
637,637,0,1.0,2024-02-20 07:54:00,17722.27205,0.0,2024-02-20 08:08:00,17707.2291,0.0,-15.04294999999911,-0.0008488161087674483,Long,Closed,637,-15.04294999999911,-30.08589999999822,-33.08589999999822
638,638,0,1.0,2024-02-20 08:55:00,17677.26755,0.0,2024-02-20 09:29:00,17671.73265,0.0,-5.534899999998743,-0.0003131083457521546,Long,Closed,638,-5.534899999998743,-11.069799999997485,-14.069799999997485
639,639,0,1.0,2024-02-20 10:54:00,17632.013025,0.0,2024-02-20 10:55:00,17625.737250000002,0.0,-6.275774999998248,-0.00035593071483669956,Long,Closed,639,-6.275774999998248,-12.551549999996496,-15.551549999996496
640,640,0,1.0,2024-02-20 11:21:00,17635.013325,0.0,2024-02-20 12:51:00,17663.2335,0.0,28.220174999998562,0.0016002355359716499,Long,Closed,640,28.220174999998562,56.440349999997125,53.440349999997125
641,641,0,1.0,2024-02-20 13:04:00,17681.017925,0.0,2024-02-20 13:06:00,17663.73345,0.0,-17.284475000000384,-0.0009775723927953873,Long,Closed,641,-17.284475000000384,-34.56895000000077,-37.56895000000077
642,642,0,1.0,2024-02-20 13:08:00,17677.26755,0.0,2024-02-20 13:09:00,17667.73305,0.0,-9.534500000001572,-0.000539365033257166,Long,Closed,642,-9.534500000001572,-19.069000000003143,-22.069000000003143
643,643,0,1.0,2024-02-20 13:15:00,17684.7683,0.0,2024-02-20 13:24:00,17662.483575,0.0,-22.284725000001345,-0.0012601083950871635,Long,Closed,643,-22.284725000001345,-44.56945000000269,-47.56945000000269
644,644,0,1.0,2024-02-20 13:43:00,17700.019825,0.0,2024-02-20 13:59:00,17668.233,0.0,-31.786824999999226,-0.00179586380774007,Long,Closed,644,-31.786824999999226,-63.57364999999845,-66.57364999999845
645,645,0,1.0,2024-02-20 14:35:00,17685.7684,0.0,2024-02-20 14:40:00,17627.487075,0.0,-58.281324999999924,-0.0032953798603401322,Long,Closed,645,-58.281324999999924,-116.56264999999985,-119.56264999999985
646,646,0,1.0,2024-02-20 15:49:00,17542.004025,0.0,2024-02-20 16:34:00,17534.2464,0.0,-7.75762499999837,-0.00044223140006937554,Long,Closed,646,-7.75762499999837,-15.51524999999674,-18.51524999999674
647,647,0,1.0,2024-02-20 17:48:00,17498.24965,0.0,2024-02-20 18:34:00,17476.2522,0.0,-21.997450000002573,-0.001257122880287776,Long,Closed,647,-21.997450000002573,-43.994900000005146,-46.994900000005146
648,648,0,1.0,2024-02-20 18:46:00,17522.002025,0.0,2024-02-20 20:36:00,17530.74675,0.0,8.744724999996834,0.0004990711099975936,Long,Closed,648,8.744724999996834,17.489449999993667,14.489449999993667
649,649,0,1.0,2024-02-20 20:50:00,17583.508175,0.0,2024-02-20 21:27:00,17585.491275,0.0,1.9831000000012864,0.00011278181693121011,Long,Closed,649,1.9831000000012864,3.966200000002573,0.9662000000025728
650,650,0,1.0,2024-02-20 21:29:00,17589.008725,0.0,2024-02-20 22:00:00,17580.991725,0.0,-8.016999999999825,-0.00045579601018702804,Long,Closed,650,-8.016999999999825,-16.03399999999965,-19.03399999999965
651,651,0,1.0,2024-02-20 23:29:00,17590.25885,0.0,2024-02-20 23:37:00,17575.74225,0.0,-14.516599999999016,-0.0008252635804730649,Long,Closed,651,-14.516599999999016,-29.033199999998033,-32.03319999999803
652,652,0,1.0,2024-02-21 00:20:00,17572.7571,0.0,2024-02-21 00:41:00,17569.492875,0.0,-3.264224999998987,-0.00018575485801251913,Long,Closed,652,-3.264224999998987,-6.528449999997974,-9.528449999997974
653,653,0,1.0,2024-02-21 01:43:00,17559.505775,0.0,2024-02-21 02:27:00,17559.2439,0.0,-0.2618750000001455,-1.4913574639041655e-05,Long,Closed,653,-0.2618750000001455,-0.523750000000291,-3.523750000000291
654,654,0,1.0,2024-02-21 03:15:00,17556.505474999998,0.0,2024-02-21 03:24:00,17548.994925,0.0,-7.510549999999057,-0.0004277929916459675,Long,Closed,654,-7.510549999999057,-15.021099999998114,-18.021099999998114
655,655,0,1.0,2024-02-21 03:43:00,17557.7556,0.0,2024-02-21 04:43:00,17559.493875,0.0,1.7382749999997031,9.900325756896304e-05,Long,Closed,655,1.7382749999997031,3.4765499999994063,0.4765499999994063
656,656,0,1.0,2024-02-21 05:38:00,17560.25585,0.0,2024-02-21 06:22:00,17562.493575,0.0,2.2377249999990454,0.0001274312298814852,Long,Closed,656,2.2377249999990454,4.475449999998091,1.4754499999980908
657,657,0,1.0,2024-02-21 06:42:00,17564.7563,0.0,2024-02-21 07:16:00,17558.244,0.0,-6.512300000002142,-0.00037075948500362295,Long,Closed,657,-6.512300000002142,-13.024600000004284,-16.024600000004284
658,658,0,1.0,2024-02-21 07:26:00,17581.757999999998,0.0,2024-02-21 08:04:00,17564.2434,0.0,-17.51459999999861,-0.000996180245456604,Long,Closed,658,-17.51459999999861,-35.02919999999722,-38.02919999999722
659,659,0,1.0,2024-02-21 09:26:00,17533.25315,0.0,2024-02-21 09:32:00,17522.74755,0.0,-10.505600000000413,-0.0005991814473973082,Long,Closed,659,-10.505600000000413,-21.011200000000827,-24.011200000000827
660,660,0,1.0,2024-02-21 09:38:00,17536.503475,0.0,2024-02-21 09:55:00,17528.74695,0.0,-7.756525000000693,-0.00044230738533815344,Long,Closed,660,-7.756525000000693,-15.513050000001385,-18.513050000001385
661,661,0,1.0,2024-02-21 10:03:00,17533.25315,0.0,2024-02-21 10:06:00,17528.496975000002,0.0,-4.7561749999986205,-0.0002712659743921293,Long,Closed,661,-4.7561749999986205,-9.512349999997241,-12.512349999997241
662,662,0,1.0,2024-02-21 10:07:00,17534.003225,0.0,2024-02-21 10:10:00,17525.2473,0.0,-8.755925000001298,-0.0004993682781760352,Long,Closed,662,-8.755925000001298,-17.511850000002596,-20.511850000002596
663,663,0,1.0,2024-02-21 10:12:00,17532.25305,0.0,2024-02-21 10:42:00,17532.496575,0.0,0.2435250000016822,1.3890114368482847e-05,Long,Closed,663,0.2435250000016822,0.4870500000033644,-2.5129499999966356
664,664,0,1.0,2024-02-21 10:53:00,17545.25435,0.0,2024-02-21 11:07:00,17537.496075,0.0,-7.75827500000014,-0.00044218652207798513,Long,Closed,664,-7.75827500000014,-15.51655000000028,-18.51655000000028
665,665,0,1.0,2024-02-21 11:59:00,17528.7527,0.0,2024-02-21 12:04:00,17515.74825,0.0,-13.00445000000036,-0.0007418924907304078,Long,Closed,665,-13.00445000000036,-26.00890000000072,-29.00890000000072
666,666,0,1.0,2024-02-21 12:18:00,17538.003625,0.0,2024-02-21 12:37:00,17510.998725,0.0,-27.004899999999907,-0.0015397932727933225,Long,Closed,666,-27.004899999999907,-54.009799999999814,-57.009799999999814
667,667,0,1.0,2024-02-21 13:45:00,17503.000125,0.0,2024-02-21 14:24:00,17491.000725,0.0,-11.999399999996967,-0.0006855624701080763,Long,Closed,667,-11.999399999996967,-23.998799999993935,-26.998799999993935
668,668,0,1.0,2024-02-21 15:06:00,17518.7517,0.0,2024-02-21 15:32:00,17454.75435,0.0,-63.99735000000146,-0.0036530770625627087,Long,Closed,668,-63.99735000000146,-127.99470000000292,-130.99470000000292
669,669,0,1.0,2024-02-21 16:08:00,17497.499574999998,0.0,2024-02-21 16:37:00,17482.001625,0.0,-15.497949999997218,-0.0008857236963240343,Long,Closed,669,-15.497949999997218,-30.995899999994435,-33.995899999994435
670,670,0,1.0,2024-02-21 16:57:00,17513.001125,0.0,2024-02-21 17:07:00,17455.004325,0.0,-57.996799999997165,-0.0033116425669159643,Long,Closed,670,-57.996799999997165,-115.99359999999433,-118.99359999999433
671,671,0,1.0,2024-02-21 17:51:00,17468.496675,0.0,2024-02-21 18:09:00,17451.75465,0.0,-16.742024999999558,-0.0009584124673968007,Long,Closed,671,-16.742024999999558,-33.484049999999115,-36.484049999999115
672,672,0,1.0,2024-02-21 18:14:00,17475.7474,0.0,2024-02-21 18:33:00,17451.504675,0.0,-24.242725000000064,-0.001387221069583557,Long,Closed,672,-24.242725000000064,-48.48545000000013,-51.48545000000013
673,673,0,1.0,2024-02-21 19:11:00,17474.497275,0.0,2024-02-21 19:21:00,17442.505575,0.0,-31.99170000000231,-0.0018307651142428821,Long,Closed,673,-31.99170000000231,-63.98340000000462,-66.98340000000462
674,674,0,1.0,2024-02-21 20:21:00,17393.7392,0.0,2024-02-21 21:26:00,17536.74615,0.0,143.00694999999905,0.008221748547316327,Long,Closed,674,143.00694999999905,286.0138999999981,283.0138999999981
675,675,0,1.0,2024-02-21 21:28:00,17560.005825,0.0,2024-02-21 23:41:00,17688.480975,0.0,128.4751499999984,0.007316350078716355,Long,Closed,675,128.4751499999984,256.9502999999968,253.9502999999968
676,676,0,1.0,2024-02-21 23:50:00,17702.7701,0.0,2024-02-22 01:47:00,17777.72205,0.0,74.95194999999876,0.004233910827322937,Long,Closed,676,74.95194999999876,149.90389999999752,146.90389999999752
677,677,0,1.0,2024-02-22 02:32:00,17778.7777,0.0,2024-02-22 03:29:00,17784.72135,0.0,5.943650000001071,0.00033431150894029524,Long,Closed,677,5.943650000001071,11.887300000002142,8.887300000002142
678,678,0,1.0,2024-02-22 04:09:00,17791.27895,0.0,2024-02-22 05:13:00,17791.470675,0.0,0.1917250000005879,1.0776347250774117e-05,Long,Closed,678,0.1917250000005879,0.3834500000011758,-2.616549999998824
679,679,0,1.0,2024-02-22 05:21:00,17800.7799,0.0,2024-02-22 05:57:00,17786.72115,0.0,-14.058750000000146,-0.000789782811707039,Long,Closed,679,-14.058750000000146,-28.11750000000029,-31.11750000000029
680,680,0,1.0,2024-02-22 06:22:00,17798.529675,0.0,2024-02-22 07:21:00,17811.968625,0.0,13.43894999999975,0.0007550595608398057,Long,Closed,680,13.43894999999975,26.8778999999995,23.8778999999995
681,681,0,1.0,2024-02-22 07:44:00,17825.7824,0.0,2024-02-22 09:06:00,17878.461975000002,0.0,52.67957500000193,0.0029552461607520765,Long,Closed,681,52.67957500000193,105.35915000000386,102.35915000000386
682,682,0,1.0,2024-02-22 09:46:00,17880.037825,0.0,2024-02-22 10:22:00,17875.2123,0.0,-4.825525000000198,-0.00026988337760970024,Long,Closed,682,-4.825525000000198,-9.651050000000396,-12.651050000000396
683,683,0,1.0,2024-02-22 10:40:00,17886.038425,0.0,2024-02-22 11:10:00,17876.462175,0.0,-9.576249999998254,-0.0005354036356431597,Long,Closed,683,-9.576249999998254,-19.152499999996508,-22.152499999996508
684,684,0,1.0,2024-02-22 11:16:00,17897.28955,0.0,2024-02-22 12:02:00,17902.70955,0.0,5.419999999998254,0.0003028391525351532,Long,Closed,684,5.419999999998254,10.839999999996508,7.8399999999965075
685,685,0,1.0,2024-02-22 12:44:00,17898.039625,0.0,2024-02-22 12:45:00,17890.460775,0.0,-7.578850000001694,-0.00042344581634602864,Long,Closed,685,-7.578850000001694,-15.157700000003388,-18.157700000003388
686,686,0,1.0,2024-02-22 13:16:00,17900.28985,0.0,2024-02-22 13:32:00,17890.960725,0.0,-9.329125000000204,-0.0005211717284008227,Long,Closed,686,-9.329125000000204,-18.658250000000407,-21.658250000000407
687,687,0,1.0,2024-02-22 13:40:00,17896.039425,0.0,2024-02-22 13:49:00,17894.460375,0.0,-1.5790500000002794,-8.823460669149031e-05,Long,Closed,687,-1.5790500000002794,-3.158100000000559,-6.158100000000559
688,688,0,1.0,2024-02-22 13:50:00,17899.539775,0.0,2024-02-22 14:05:00,17889.71085,0.0,-9.828925000001618,-0.0005491160735724345,Long,Closed,688,-9.828925000001618,-19.657850000003236,-22.657850000003236
689,689,0,1.0,2024-02-22 14:44:00,17904.040225,0.0,2024-02-22 15:48:00,17915.70825,0.0,11.668024999999034,0.000651697876756699,Long,Closed,689,11.668024999999034,23.336049999998068,20.336049999998068
690,690,0,1.0,2024-02-22 16:13:00,17952.29505,0.0,2024-02-22 16:54:00,17953.954425,0.0,1.6593749999992724,9.243247146828017e-05,Long,Closed,690,1.6593749999992724,3.318749999998545,0.3187499999985448
691,691,0,1.0,2024-02-22 17:12:00,17976.547475,0.0,2024-02-22 19:42:00,18055.444275,0.0,78.89680000000226,0.004388873898601726,Long,Closed,691,78.89680000000226,157.79360000000452,154.79360000000452
692,692,0,1.0,2024-02-22 20:12:00,18064.8063,0.0,2024-02-22 20:34:00,18047.69505,0.0,-17.111250000001746,-0.0009472146955708983,Long,Closed,692,-17.111250000001746,-34.22250000000349,-37.22250000000349
693,693,0,1.0,2024-02-22 20:42:00,18081.057925,0.0,2024-02-22 20:52:00,18057.1941,0.0,-23.86382500000036,-0.0013198245975975082,Long,Closed,693,-23.86382500000036,-47.72765000000072,-50.72765000000072
694,694,0,1.0,2024-02-22 21:51:00,18023.8022,0.0,2024-02-23 00:05:00,18030.69675,0.0,6.894550000000891,0.00038252472610917195,Long,Closed,694,6.894550000000891,13.789100000001781,10.789100000001781
695,695,0,1.0,2024-02-23 01:04:00,18032.053025,0.0,2024-02-23 02:57:00,18042.1956,0.0,10.142574999998033,0.0005624747767731252,Long,Closed,695,10.142574999998033,20.285149999996065,17.285149999996065
696,696,0,1.0,2024-02-23 03:23:00,18045.554375,0.0,2024-02-23 04:03:00,18041.1957,0.0,-4.358674999999494,-0.000241537328774888,Long,Closed,696,-4.358674999999494,-8.717349999998987,-11.717349999998987
697,697,0,1.0,2024-02-23 04:21:00,18046.8045,0.0,2024-02-23 05:39:00,18046.69515,0.0,-0.10934999999881256,-6.059244449554079e-06,Long,Closed,697,-0.10934999999881256,-0.21869999999762513,-3.218699999997625
698,698,0,1.0,2024-02-23 06:04:00,18054.30525,0.0,2024-02-23 06:28:00,18043.69545,0.0,-10.609800000001997,-0.000587660386433424,Long,Closed,698,-10.609800000001997,-21.219600000003993,-24.219600000003993
699,699,0,1.0,2024-02-23 07:47:00,18041.553975,0.0,2024-02-23 08:07:00,18019.947825,0.0,-21.606149999999616,-0.0011975769953042317,Long,Closed,699,-21.606149999999616,-43.21229999999923,-46.21229999999923
700,700,0,1.0,2024-02-23 08:41:00,18038.303649999998,0.0,2024-02-23 08:52:00,18017.448075,0.0,-20.85557499999777,-0.001156182721206036,Long,Closed,700,-20.85557499999777,-41.71114999999554,-44.71114999999554
701,701,0,1.0,2024-02-23 09:57:00,18017.30155,0.0,2024-02-23 10:13:00,18007.449075,0.0,-9.852474999999686,-0.0005468341067977345,Long,Closed,701,-9.852474999999686,-19.70494999999937,-22.70494999999937
702,702,0,1.0,2024-02-23 10:19:00,18015.30135,0.0,2024-02-23 12:18:00,18022.69755,0.0,7.396199999999226,0.00041055100085790266,Long,Closed,702,7.396199999999226,14.792399999998452,11.792399999998452
703,703,0,1.0,2024-02-23 12:31:00,18039.8038,0.0,2024-02-23 14:58:00,18068.442975,0.0,28.63917500000025,0.0015875546828286596,Long,Closed,703,28.63917500000025,57.2783500000005,54.2783500000005
704,704,0,1.0,2024-02-23 16:34:00,18013.30115,0.0,2024-02-23 17:31:00,17998.699950000002,0.0,-14.601199999997334,-0.0008105787983230012,Long,Closed,704,-14.601199999997334,-29.202399999994668,-32.20239999999467
705,705,0,1.0,2024-02-23 17:54:00,18036.553475,0.0,2024-02-23 18:45:00,18036.1962,0.0,-0.35727500000211876,-1.980838526037296e-05,Long,Closed,705,-0.35727500000211876,-0.7145500000042375,-3.7145500000042375
706,706,0,1.0,2024-02-23 19:43:00,18016.30145,0.0,2024-02-23 19:50:00,18009.1989,0.0,-7.10254999999961,-0.00039422908301745864,Long,Closed,706,-7.10254999999961,-14.20509999999922,-17.20509999999922
707,707,0,1.0,2024-02-23 19:54:00,18019.551775,0.0,2024-02-23 20:10:00,17985.451275,0.0,-34.100500000000466,-0.001892416660846741,Long,Closed,707,-34.100500000000466,-68.20100000000093,-71.20100000000093
708,708,0,1.0,2024-02-23 20:45:00,17997.7996,0.0,2024-02-23 21:04:00,17966.953125,0.0,-30.846474999998463,-0.001713902570623048,Long,Closed,708,-30.846474999998463,-61.69294999999693,-64.69294999999693
709,709,0,1.0,2024-02-23 21:46:00,17973.29715,0.0,2024-02-23 21:59:00,17960.953725,0.0,-12.343424999999115,-0.0006867646429580738,Long,Closed,709,-12.343424999999115,-24.68684999999823,-27.68684999999823
710,710,0,1.0,2024-02-25 23:11:00,17978.547675,0.0,2024-02-26 00:03:00,17957.2041,0.0,-21.343575000002602,-0.0011871690297699533,Long,Closed,710,-21.343575000002602,-42.687150000005204,-45.687150000005204
711,711,0,1.0,2024-02-26 01:27:00,17946.7945,0.0,2024-02-26 02:01:00,17941.2057,0.0,-5.588800000001356,-0.0003114093717405276,Long,Closed,711,-5.588800000001356,-11.177600000002712,-14.177600000002712
712,712,0,1.0,2024-02-26 02:18:00,17956.545475,0.0,2024-02-26 02:59:00,17950.954725,0.0,-5.590749999999389,-0.0003113488620505047,Long,Closed,712,-5.590749999999389,-11.181499999998778,-14.181499999998778
713,713,0,1.0,2024-02-26 03:39:00,17951.795,0.0,2024-02-26 04:04:00,17950.454775000002,0.0,-1.3402249999962805,-7.465687971572095e-05,Long,Closed,713,-1.3402249999962805,-2.680449999992561,-5.680449999992561
714,714,0,1.0,2024-02-26 04:46:00,17951.795,0.0,2024-02-26 05:52:00,17952.954525,0.0,1.159525000002759,6.459103393297212e-05,Long,Closed,714,1.159525000002759,2.319050000005518,-0.6809499999944819
715,715,0,1.0,2024-02-26 07:18:00,17942.544075,0.0,2024-02-26 07:22:00,17933.956425,0.0,-8.587650000001304,-0.0004786194178542824,Long,Closed,715,-8.587650000001304,-17.175300000002608,-20.175300000002608
716,716,0,1.0,2024-02-26 07:31:00,17946.7945,0.0,2024-02-26 09:10:00,17944.455375,0.0,-2.339124999998603,-0.00013033664591181467,Long,Closed,716,-2.339124999998603,-4.678249999997206,-7.678249999997206
717,717,0,1.0,2024-02-26 09:27:00,17969.046725,0.0,2024-02-26 11:04:00,17986.2012,0.0,17.154474999999366,0.0009546680612796595,Long,Closed,717,17.154474999999366,34.30894999999873,31.30894999999873
718,718,0,1.0,2024-02-26 11:18:00,18001.29995,0.0,2024-02-26 11:51:00,17984.951325,0.0,-16.34862499999872,-0.0009081913553692393,Long,Closed,718,-16.34862499999872,-32.69724999999744,-35.69724999999744
719,719,0,1.0,2024-02-26 12:26:00,17990.7989,0.0,2024-02-26 12:44:00,17975.952225,0.0,-14.846675000000687,-0.0008252371160682967,Long,Closed,719,-14.846675000000687,-29.693350000001374,-32.693350000001374
720,720,0,1.0,2024-02-26 13:12:00,17991.799,0.0,2024-02-26 14:07:00,18007.69905,0.0,15.900050000000192,0.0008837387523059919,Long,Closed,720,15.900050000000192,31.800100000000384,28.800100000000384
721,721,0,1.0,2024-02-26 14:32:00,18046.30445,0.0,2024-02-26 14:48:00,17971.952625,0.0,-74.35182499999792,-0.0041200582205626,Long,Closed,721,-74.35182499999792,-148.70364999999583,-151.70364999999583
722,722,0,1.0,2024-02-26 15:14:00,18009.8008,0.0,2024-02-26 16:03:00,18021.1977,0.0,11.396899999999732,0.0006328165495311715,Long,Closed,722,11.396899999999732,22.793799999999464,19.793799999999464
723,723,0,1.0,2024-02-26 16:37:00,18028.30265,0.0,2024-02-26 17:09:00,18031.946625,0.0,3.6439749999990454,0.00020212524000416896,Long,Closed,723,3.6439749999990454,7.287949999998091,4.287949999998091
724,724,0,1.0,2024-02-26 17:16:00,18038.8037,0.0,2024-02-26 17:18:00,18035.946225,0.0,-2.8574750000007043,-0.00015840712319524294,Long,Closed,724,-2.8574750000007043,-5.714950000001409,-8.714950000001409
725,725,0,1.0,2024-02-26 17:20:00,18034.8033,0.0,2024-02-26 17:43:00,18035.946225,0.0,1.1429250000001048,6.337330000156446e-05,Long,Closed,725,1.1429250000001048,2.2858500000002095,-0.7141499999997905
726,726,0,1.0,2024-02-26 18:16:00,18034.053225,0.0,2024-02-26 18:21:00,18010.448775,0.0,-23.604449999998906,-0.0013088821301290635,Long,Closed,726,-23.604449999998906,-47.20889999999781,-50.20889999999781
727,727,0,1.0,2024-02-26 19:03:00,18026.30245,0.0,2024-02-26 19:49:00,18022.947525,0.0,-3.354924999999639,-0.0001861127654606527,Long,Closed,727,-3.354924999999639,-6.709849999999278,-9.709849999999278
728,728,0,1.0,2024-02-26 20:17:00,18031.803,0.0,2024-02-26 20:24:00,18009.448875000002,0.0,-22.35412499999802,-0.001239705480366995,Long,Closed,728,-22.35412499999802,-44.70824999999604,-47.70824999999604
729,729,0,1.0,2024-02-26 23:17:00,17960.29585,0.0,2024-02-27 00:03:00,17957.70405,0.0,-2.5917999999983294,-0.00014430719970564014,Long,Closed,729,-2.5917999999983294,-5.183599999996659,-8.183599999996659
730,730,0,1.0,2024-02-27 00:35:00,17961.545975,0.0,2024-02-27 01:19:00,17952.70455,0.0,-8.841425000002346,-0.0004922418711790395,Long,Closed,730,-8.841425000002346,-17.68285000000469,-20.68285000000469
731,731,0,1.0,2024-02-27 01:33:00,17967.7966,0.0,2024-02-27 01:51:00,17956.454175,0.0,-11.34242500000255,-0.0006312641028005932,Long,Closed,731,-11.34242500000255,-22.6848500000051,-25.6848500000051
732,732,0,1.0,2024-02-27 01:52:00,17961.796,0.0,2024-02-27 01:55:00,17957.454075,0.0,-4.341924999996991,-0.0002417311164204844,Long,Closed,732,-4.341924999996991,-8.683849999993981,-11.683849999993981
733,733,0,1.0,2024-02-27 02:01:00,17964.796299999998,0.0,2024-02-27 02:19:00,17954.454375,0.0,-10.34192499999699,-0.0005756772761179035,Long,Closed,733,-10.34192499999699,-20.68384999999398,-23.68384999999398
734,734,0,1.0,2024-02-27 03:26:00,17951.29495,0.0,2024-02-27 04:13:00,17949.2049,0.0,-2.0900499999988824,-0.000116428926482481,Long,Closed,734,-2.0900499999988824,-4.180099999997765,-7.180099999997765
735,735,0,1.0,2024-02-27 04:44:00,17956.045425,0.0,2024-02-27 05:25:00,17950.954725,0.0,-5.090700000000652,-0.0002835089731346373,Long,Closed,735,-5.090700000000652,-10.181400000001304,-13.181400000001304
736,736,0,1.0,2024-02-27 06:28:00,17938.7937,0.0,2024-02-27 08:23:00,17976.952125,0.0,38.15842500000144,0.0021271455393347574,Long,Closed,736,38.15842500000144,76.31685000000289,73.31685000000289
737,737,0,1.0,2024-02-27 09:04:00,17987.29855,0.0,2024-02-27 10:24:00,18010.69875,0.0,23.40020000000004,0.0013009290936575933,Long,Closed,737,23.40020000000004,46.80040000000008,43.80040000000008
738,738,0,1.0,2024-02-27 10:55:00,18021.30195,0.0,2024-02-27 11:14:00,18003.449475,0.0,-17.852474999999686,-0.0009906318117043527,Long,Closed,738,-17.852474999999686,-35.70494999999937,-38.70494999999937
739,739,0,1.0,2024-02-27 12:01:00,18010.8009,0.0,2024-02-27 13:00:00,18028.197,0.0,17.396100000001752,0.0009658704294489066,Long,Closed,739,17.396100000001752,34.792200000003504,31.792200000003504
740,740,0,1.0,2024-02-27 13:45:00,18010.8009,0.0,2024-02-27 14:19:00,18015.948225,0.0,5.147325000001729,0.0002857910111038832,Long,Closed,740,5.147325000001729,10.294650000003458,7.2946500000034575
741,741,0,1.0,2024-02-27 15:06:00,17989.548775,0.0,2024-02-27 15:44:00,17993.70045,0.0,4.151675000000978,0.00023078260894295155,Long,Closed,741,4.151675000000978,8.303350000001956,5.303350000001956
742,742,0,1.0,2024-02-27 15:52:00,18022.552075,0.0,2024-02-27 16:06:00,17995.450275,0.0,-27.101800000000367,-0.0015037714906977384,Long,Closed,742,-27.101800000000367,-54.20360000000073,-57.20360000000073
743,743,0,1.0,2024-02-27 16:55:00,17999.049725,0.0,2024-02-27 17:23:00,17967.953025,0.0,-31.096700000001874,-0.001727685654249276,Long,Closed,743,-31.096700000001874,-62.19340000000375,-65.19340000000375
744,744,0,1.0,2024-02-27 18:19:00,17952.545074999998,0.0,2024-02-27 20:21:00,18008.69895,0.0,56.15387500000361,0.0031279060860402055,Long,Closed,744,56.15387500000361,112.30775000000722,109.30775000000722
745,745,0,1.0,2024-02-27 20:29:00,18028.8027,0.0,2024-02-27 20:36:00,18002.1996,0.0,-26.603100000000268,-0.0014755888365232523,Long,Closed,745,-26.603100000000268,-53.206200000000536,-56.206200000000536
746,746,0,1.0,2024-02-27 20:54:00,18017.551575,0.0,2024-02-27 21:06:00,18007.949025,0.0,-9.60254999999961,-0.0005329553219275083,Long,Closed,746,-9.60254999999961,-19.20509999999922,-22.20509999999922
747,747,0,1.0,2024-02-27 21:15:00,18021.802,0.0,2024-02-27 21:57:00,18016.1982,0.0,-5.603800000000774,-0.0003109455980040605,Long,Closed,747,-5.603800000000774,-11.207600000001548,-14.207600000001548
748,748,0,1.0,2024-02-28 00:18:00,18010.050825,0.0,2024-02-28 00:37:00,18002.949525,0.0,-7.101299999998446,-0.00039429649971564954,Long,Closed,748,-7.101299999998446,-14.202599999996892,-17.20259999999689
749,749,0,1.0,2024-02-28 01:18:00,18014.551274999998,0.0,2024-02-28 02:06:00,18007.69905,0.0,-6.852224999998725,-0.00038037167262156663,Long,Closed,749,-6.852224999998725,-13.70444999999745,-16.70444999999745
750,750,0,1.0,2024-02-28 02:23:00,18011.30095,0.0,2024-02-28 02:47:00,18006.449175,0.0,-4.851774999999179,-0.0002693739343686431,Long,Closed,750,-4.851774999999179,-9.703549999998359,-12.703549999998359
751,751,0,1.0,2024-02-28 03:03:00,18014.30125,0.0,2024-02-28 03:10:00,18006.949125,0.0,-7.3521250000012515,-0.0004081271262187453,Long,Closed,751,-7.3521250000012515,-14.704250000002503,-17.704250000002503
752,752,0,1.0,2024-02-28 03:29:00,18011.550975,0.0,2024-02-28 04:15:00,18009.948825,0.0,-1.602149999998801,-8.895125146205246e-05,Long,Closed,752,-1.602149999998801,-3.204299999997602,-6.204299999997602
753,753,0,1.0,2024-02-28 05:14:00,18007.550575,0.0,2024-02-28 05:27:00,17997.450075,0.0,-10.100500000000466,-0.0005609036030709837,Long,Closed,753,-10.100500000000466,-20.20100000000093,-23.20100000000093
754,754,0,1.0,2024-02-28 06:47:00,17996.049425,0.0,2024-02-28 07:22:00,17988.70095,0.0,-7.348475000002509,-0.00040833823171179185,Long,Closed,754,-7.348475000002509,-14.696950000005018,-17.696950000005018
755,755,0,1.0,2024-02-28 08:11:00,17983.048125,0.0,2024-02-28 08:19:00,17972.70255,0.0,-10.345574999999371,-0.0005752959636257088,Long,Closed,755,-10.345574999999371,-20.691149999998743,-23.691149999998743
756,756,0,1.0,2024-02-28 09:12:00,17963.046125,0.0,2024-02-28 09:19:00,17954.454375,0.0,-8.591749999999593,-0.00047830139388452925,Long,Closed,756,-8.591749999999593,-17.183499999999185,-20.183499999999185
757,757,0,1.0,2024-02-28 10:25:00,17913.7912,0.0,2024-02-28 12:17:00,17935.70625,0.0,21.91504999999961,0.0012233619201724095,Long,Closed,757,21.91504999999961,43.83009999999922,40.83009999999922
758,758,0,1.0,2024-02-28 12:39:00,17947.544575,0.0,2024-02-28 12:41:00,17937.2061,0.0,-10.338475000000471,-0.0005760384077497393,Long,Closed,758,-10.338475000000471,-20.676950000000943,-23.676950000000943
759,759,0,1.0,2024-02-28 13:26:00,17939.543775,0.0,2024-02-28 13:46:00,17943.70545,0.0,4.161675000003015,0.00023198332422492252,Long,Closed,759,4.161675000003015,8.32335000000603,5.32335000000603
760,760,0,1.0,2024-02-28 13:51:00,17948.29465,0.0,2024-02-28 13:59:00,17936.456175,0.0,-11.838475000000471,-0.0006595877341472367,Long,Closed,760,-11.838475000000471,-23.676950000000943,-26.676950000000943
761,761,0,1.0,2024-02-28 14:42:00,17945.29435,0.0,2024-02-28 14:47:00,17909.2089,0.0,-36.08544999999867,-0.0020108586293542,Long,Closed,761,-36.08544999999867,-72.17089999999735,-75.17089999999735
762,762,0,1.0,2024-02-28 15:17:00,17917.291549999998,0.0,2024-02-28 15:29:00,17898.959925,0.0,-18.331624999998894,-0.001023124781379075,Long,Closed,762,-18.331624999998894,-36.66324999999779,-39.66324999999779
763,763,0,1.0,2024-02-28 15:31:00,17908.7907,0.0,2024-02-28 17:03:00,17947.955025,0.0,39.164324999997916,0.0021868771407327864,Long,Closed,763,39.164324999997916,78.32864999999583,75.32864999999583
764,764,0,1.0,2024-02-28 18:20:00,17926.042425,0.0,2024-02-28 19:10:00,17927.70705,0.0,1.6646250000012515,9.286070848966272e-05,Long,Closed,764,1.6646250000012515,3.329250000002503,0.32925000000250293
765,765,0,1.0,2024-02-28 20:02:00,17921.29195,0.0,2024-02-28 20:16:00,17901.2097,0.0,-20.082249999999476,-0.0011205804835961884,Long,Closed,765,-20.082249999999476,-40.16449999999895,-43.16449999999895
766,766,0,1.0,2024-02-28 20:21:00,17911.29095,0.0,2024-02-28 20:48:00,17903.70945,0.0,-7.581500000000233,-0.0004232804894501607,Long,Closed,766,-7.581500000000233,-15.163000000000466,-18.163000000000466
767,767,0,1.0,2024-02-28 23:03:00,17875.28735,0.0,2024-02-28 23:49:00,17871.2127,0.0,-4.074649999998655,-0.00022794878315612955,Long,Closed,767,-4.074649999998655,-8.14929999999731,-11.14929999999731
768,768,0,1.0,2024-02-29 00:08:00,17885.7884,0.0,2024-02-29 01:14:00,17890.710750000002,0.0,4.922350000000733,0.000275210121573435,Long,Closed,768,4.922350000000733,9.844700000001467,6.844700000001467
769,769,0,1.0,2024-02-29 01:39:00,17900.28985,0.0,2024-02-29 01:55:00,17892.960525,0.0,-7.329325000002427,-0.0004094528670440734,Long,Closed,769,-7.329325000002427,-14.658650000004855,-17.658650000004855
770,770,0,1.0,2024-02-29 02:05:00,17904.040225,0.0,2024-02-29 02:38:00,17895.460275,0.0,-8.579949999999371,-0.00047921865077240526,Long,Closed,770,-8.579949999999371,-17.159899999998743,-20.159899999998743
771,771,0,1.0,2024-02-29 02:54:00,17910.29085,0.0,2024-02-29 03:23:00,17899.70985,0.0,-10.58100000000195,-0.0005907776757294787,Long,Closed,771,-10.58100000000195,-21.1620000000039,-24.1620000000039
772,772,0,1.0,2024-02-29 03:46:00,17908.040625,0.0,2024-02-29 05:18:00,17921.2077,0.0,13.167074999997567,0.0007352605053629404,Long,Closed,772,13.167074999997567,26.334149999995134,23.334149999995134
773,773,0,1.0,2024-02-29 05:52:00,17924.042225,0.0,2024-02-29 06:01:00,17916.2082,0.0,-7.834025000000111,-0.0004370679839770412,Long,Closed,773,-7.834025000000111,-15.668050000000221,-18.66805000000022
774,774,0,1.0,2024-02-29 07:16:00,17916.041425,0.0,2024-02-29 07:33:00,17901.459675000002,0.0,-14.581749999997555,-0.0008138935188914119,Long,Closed,774,-14.581749999997555,-29.16349999999511,-32.16349999999511
775,775,0,1.0,2024-02-29 07:43:00,17909.7908,0.0,2024-02-29 07:49:00,17900.70975,0.0,-9.081049999997049,-0.0005070438902054093,Long,Closed,775,-9.081049999997049,-18.162099999994098,-21.162099999994098
776,776,0,1.0,2024-02-29 08:45:00,17875.537375,0.0,2024-02-29 09:05:00,17851.2147,0.0,-24.322674999999435,-0.0013606681852270433,Long,Closed,776,-24.322674999999435,-48.64534999999887,-51.64534999999887
777,777,0,1.0,2024-02-29 09:39:00,17866.036425,0.0,2024-02-29 10:37:00,17864.71335,0.0,-1.3230749999966065,-7.405531750429119e-05,Long,Closed,777,-1.3230749999966065,-2.646149999993213,-5.646149999993213
778,778,0,1.0,2024-02-29 11:05:00,17881.287949999998,0.0,2024-02-29 11:42:00,17876.71215,0.0,-4.575799999998708,-0.0002558987927935419,Long,Closed,778,-4.575799999998708,-9.151599999997416,-12.151599999997416
779,779,0,1.0,2024-02-29 11:54:00,17891.038925,0.0,2024-02-29 12:10:00,17875.962225,0.0,-15.076700000001438,-0.0008426956122114321,Long,Closed,779,-15.076700000001438,-30.153400000002875,-33.153400000002875
780,780,0,1.0,2024-02-29 13:04:00,17869.536775,0.0,2024-02-29 13:27:00,17862.2136,0.0,-7.323175000001356,-0.0004098133651817259,Long,Closed,780,-7.323175000001356,-14.646350000002712,-17.646350000002712
781,781,0,1.0,2024-02-29 13:31:00,17938.29365,0.0,2024-02-29 15:13:00,18000.1998,0.0,61.90614999999889,0.0034510612440553337,Long,Closed,781,61.90614999999889,123.81229999999778,120.81229999999778
782,782,0,1.0,2024-02-29 17:01:00,17981.798,0.0,2024-02-29 17:37:00,17979.70185,0.0,-2.0961499999975786,-0.00011657065661607247,Long,Closed,782,-2.0961499999975786,-4.192299999995157,-7.192299999995157
783,783,0,1.0,2024-02-29 17:49:00,18000.799899999998,0.0,2024-02-29 18:45:00,18026.69715,0.0,25.897250000001804,0.0014386721781181407,Long,Closed,783,25.897250000001804,51.79450000000361,48.79450000000361
784,784,0,1.0,2024-02-29 18:57:00,18042.054025,0.0,2024-02-29 19:07:00,18023.447475,0.0,-18.606550000000425,-0.001031287788752779,Long,Closed,784,-18.606550000000425,-37.21310000000085,-40.21310000000085
785,785,0,1.0,2024-02-29 19:16:00,18047.054525,0.0,2024-02-29 19:31:00,18024.947325,0.0,-22.107199999998556,-0.0012249755199317523,Long,Closed,785,-22.107199999998556,-44.21439999999711,-47.21439999999711
786,786,0,1.0,2024-02-29 20:05:00,18035.30335,0.0,2024-02-29 21:09:00,18051.944625,0.0,16.64127500000177,0.0009227055778910295,Long,Closed,786,16.64127500000177,33.28255000000354,30.28255000000354
787,787,0,1.0,2024-02-29 21:22:00,18072.807099999998,0.0,2024-02-29 23:16:00,18070.1928,0.0,-2.6142999999974563,-0.00014465378762314442,Long,Closed,787,-2.6142999999974563,-5.228599999994913,-8.228599999994913
788,788,0,1.0,2024-02-29 23:57:00,18060.8059,0.0,2024-03-01 00:47:00,18066.69315,0.0,5.887249999999767,0.00032596828915589903,Long,Closed,788,5.887249999999767,11.774499999999534,8.774499999999534
789,789,0,1.0,2024-03-01 00:51:00,18075.8074,0.0,2024-03-01 01:28:00,18076.942125,0.0,1.1347249999998894,6.277589569801952e-05,Long,Closed,789,1.1347249999998894,2.269449999999779,-0.7305500000002212
790,790,0,1.0,2024-03-01 01:29:00,18080.30785,0.0,2024-03-01 03:38:00,18124.937325,0.0,44.62947499999791,0.0024684023839780973,Long,Closed,790,44.62947499999791,89.25894999999582,86.25894999999582
791,791,0,1.0,2024-03-01 03:56:00,18128.31265,0.0,2024-03-01 04:12:00,18122.937525,0.0,-5.375124999998661,-0.00029650442949518866,Long,Closed,791,-5.375124999998661,-10.750249999997322,-13.750249999997322
792,792,0,1.0,2024-03-01 05:20:00,18123.062125,0.0,2024-03-01 06:58:00,18135.68625,0.0,12.624124999998457,0.0006965779244658666,Long,Closed,792,12.624124999998457,25.248249999996915,22.248249999996915
793,793,0,1.0,2024-03-01 06:59:00,18142.564075,0.0,2024-03-01 08:00:00,18152.434575,0.0,9.870500000000902,0.0005440520953486506,Long,Closed,793,9.870500000000902,19.741000000001804,16.741000000001804
794,794,0,1.0,2024-03-01 09:16:00,18137.8136,0.0,2024-03-01 09:58:00,18128.68695,0.0,-9.126650000001973,-0.0005031835810685568,Long,Closed,794,-9.126650000001973,-18.253300000003946,-21.253300000003946
795,795,0,1.0,2024-03-01 11:03:00,18074.557275,0.0,2024-03-01 12:15:00,18083.941425,0.0,9.384150000001682,0.0005191911401880621,Long,Closed,795,9.384150000001682,18.768300000003364,15.768300000003364
796,796,0,1.0,2024-03-01 12:19:00,18093.30915,0.0,2024-03-01 12:24:00,18073.442475,0.0,-19.866675000001123,-0.0010980122450403786,Long,Closed,796,-19.866675000001123,-39.73335000000225,-42.73335000000225
797,797,0,1.0,2024-03-01 12:43:00,18092.559075,0.0,2024-03-01 13:30:00,18100.939725,0.0,8.38064999999915,0.00046320976293394526,Long,Closed,797,8.38064999999915,16.7612999999983,13.7612999999983
798,798,0,1.0,2024-03-01 14:21:00,18088.8087,0.0,2024-03-01 15:41:00,18163.68345,0.0,74.87474999999904,0.0041392858557898855,Long,Closed,798,74.87474999999904,149.74949999999808,146.74949999999808
799,799,0,1.0,2024-03-01 15:45:00,18172.31705,0.0,2024-03-01 17:08:00,18224.927325,0.0,52.61027499999909,0.0028950779834649148,Long,Closed,799,52.61027499999909,105.22054999999818,102.22054999999818
800,800,0,1.0,2024-03-01 17:14:00,18245.574375,0.0,2024-03-01 19:40:00,18341.415675,0.0,95.84130000000005,0.005252851898777237,Long,Closed,800,95.84130000000005,191.6826000000001,188.6826000000001
801,801,0,1.0,2024-03-01 19:55:00,18364.8363,0.0,2024-03-01 20:08:00,18332.66655,0.0,-32.16974999999729,-0.0017517036076165457,Long,Closed,801,-32.16974999999729,-64.33949999999459,-67.33949999999459
802,802,0,1.0,2024-03-01 20:50:00,18346.8345,0.0,2024-03-01 21:02:00,18323.917425,0.0,-22.917075000001205,-0.0012491023996538042,Long,Closed,802,-22.917075000001205,-45.83415000000241,-48.83415000000241
803,803,0,1.0,2024-03-03 23:02:00,18348.8347,0.0,2024-03-03 23:41:00,18334.166400000002,0.0,-14.668299999997544,-0.0007994131638232887,Long,Closed,803,-14.668299999997544,-29.336599999995087,-32.33659999999509
804,804,0,1.0,2024-03-04 00:31:00,18343.33415,0.0,2024-03-04 01:11:00,18335.66625,0.0,-7.6679000000003725,-0.00041802106080046376,Long,Closed,804,-7.6679000000003725,-15.335800000000745,-18.335800000000745
805,805,0,1.0,2024-03-04 01:21:00,18344.33425,0.0,2024-03-04 02:16:00,18344.915325,0.0,0.5810750000018743,3.1675992820610227e-05,Long,Closed,805,0.5810750000018743,1.1621500000037486,-1.8378499999962514
806,806,0,1.0,2024-03-04 02:19:00,18351.084925,0.0,2024-03-04 03:13:00,18352.1646,0.0,1.0796750000008615,5.883439613589285e-05,Long,Closed,806,1.0796750000008615,2.159350000001723,-0.840649999998277
807,807,0,1.0,2024-03-04 04:09:00,18355.085325,0.0,2024-03-04 04:14:00,18351.1647,0.0,-3.920624999998836,-0.0002135988436217654,Long,Closed,807,-3.920624999998836,-7.841249999997672,-10.841249999997672
808,808,0,1.0,2024-03-04 04:15:00,18354.33525,0.0,2024-03-04 04:17:00,18347.415075,0.0,-6.92017499999929,-0.0003770321782696701,Long,Closed,808,-6.92017499999929,-13.84034999999858,-16.84034999999858
809,809,0,1.0,2024-03-04 05:10:00,18352.585075,0.0,2024-03-04 05:40:00,18345.1653,0.0,-7.419774999998481,-0.00040429045661288023,Long,Closed,809,-7.419774999998481,-14.839549999996962,-17.83954999999696
810,810,0,1.0,2024-03-04 06:19:00,18355.085325,0.0,2024-03-04 06:58:00,18349.66485,0.0,-5.420474999998987,-0.0002953118933539464,Long,Closed,810,-5.420474999998987,-10.840949999997974,-13.840949999997974
811,811,0,1.0,2024-03-04 07:09:00,18360.33585,0.0,2024-03-04 07:27:00,18349.1649,0.0,-11.17094999999972,-0.0006084284128168451,Long,Closed,811,-11.17094999999972,-22.34189999999944,-25.34189999999944
812,812,0,1.0,2024-03-04 07:30:00,18358.33565,0.0,2024-03-04 07:44:00,18351.414675,0.0,-6.920975000000908,-0.00037699359745614565,Long,Closed,812,-6.920975000000908,-13.841950000001816,-16.841950000001816
813,813,0,1.0,2024-03-04 07:57:00,18360.085825,0.0,2024-03-04 08:53:00,18358.164,0.0,-1.9218249999976251,-0.00010467407496433233,Long,Closed,813,-1.9218249999976251,-3.8436499999952503,-6.84364999999525
814,814,0,1.0,2024-03-04 09:01:00,18367.33655,0.0,2024-03-04 09:16:00,18354.1644,0.0,-13.17214999999851,-0.0007171507945172655,Long,Closed,814,-13.17214999999851,-26.34429999999702,-29.34429999999702
815,815,0,1.0,2024-03-04 10:48:00,18328.8327,0.0,2024-03-04 10:54:00,18326.66715,0.0,-2.165549999997893,-0.0001181499136056762,Long,Closed,815,-2.165549999997893,-4.331099999995786,-7.331099999995786
816,816,0,1.0,2024-03-04 10:55:00,18331.582975,0.0,2024-03-04 11:07:00,18320.917725,0.0,-10.665250000001834,-0.0005817964555786995,Long,Closed,816,-10.665250000001834,-21.330500000003667,-24.330500000003667
817,817,0,1.0,2024-03-04 11:39:00,18324.082225,0.0,2024-03-04 11:41:00,18318.168,0.0,-5.914224999996804,-0.00032275695597610237,Long,Closed,817,-5.914224999996804,-11.828449999993609,-14.828449999993609
818,818,0,1.0,2024-03-04 11:47:00,18333.083125,0.0,2024-03-04 12:56:00,18334.916325000002,0.0,1.833200000000943,9.999409196487473e-05,Long,Closed,818,1.833200000000943,3.666400000001886,0.6664000000018859
819,819,0,1.0,2024-03-04 13:16:00,18349.8348,0.0,2024-03-04 13:30:00,18337.416075,0.0,-12.41872499999954,-0.0006767758475950715,Long,Closed,819,-12.41872499999954,-24.83744999999908,-27.83744999999908
820,820,0,1.0,2024-03-04 13:42:00,18345.084325,0.0,2024-03-04 13:52:00,18330.66675,0.0,-14.417574999999488,-0.0007859094428010751,Long,Closed,820,-14.417574999999488,-28.835149999998976,-31.835149999998976
821,821,0,1.0,2024-03-04 15:37:00,18318.8317,0.0,2024-03-04 16:12:00,18311.418675,0.0,-7.413024999998015,-0.00040466690897094797,Long,Closed,821,-7.413024999998015,-14.82604999999603,-17.82604999999603
822,822,0,1.0,2024-03-04 16:55:00,18311.831,0.0,2024-03-04 17:10:00,18296.67015,0.0,-15.160849999996572,-0.0008279264918945884,Long,Closed,822,-15.160849999996572,-30.321699999993143,-33.32169999999314
823,823,0,1.0,2024-03-04 17:13:00,18313.8312,0.0,2024-03-04 17:40:00,18299.1699,0.0,-14.661299999999756,-0.0008005588694079345,Long,Closed,823,-14.661299999999756,-29.32259999999951,-32.32259999999951
824,824,0,1.0,2024-03-04 18:49:00,18302.33005,0.0,2024-03-04 19:33:00,18299.419875,0.0,-2.9101750000008906,-0.0001590057108603443,Long,Closed,824,-2.9101750000008906,-5.820350000001781,-8.820350000001781
825,825,0,1.0,2024-03-04 19:34:00,18309.080725,0.0,2024-03-04 20:30:00,18318.917925,0.0,9.837200000001758,0.0005372853038202855,Long,Closed,825,9.837200000001758,19.674400000003516,16.674400000003516
826,826,0,1.0,2024-03-04 23:01:00,18250.8249,0.0,2024-03-04 23:13:00,18224.67735,0.0,-26.147549999997864,-0.0014326777087208735,Long,Closed,826,-26.147549999997864,-52.29509999999573,-55.29509999999573
827,827,0,1.0,2024-03-05 00:12:00,18235.8234,0.0,2024-03-05 00:24:00,18225.927225,0.0,-9.896175000001676,-0.0005426777164337793,Long,Closed,827,-9.896175000001676,-19.792350000003353,-22.792350000003353
828,828,0,1.0,2024-03-05 01:09:00,18228.572675,0.0,2024-03-05 01:19:00,18214.1784,0.0,-14.394274999998743,-0.000789654530644635,Long,Closed,828,-14.394274999998743,-28.788549999997485,-31.788549999997485
829,829,0,1.0,2024-03-05 02:09:00,18208.8207,0.0,2024-03-05 02:30:00,18195.930225,0.0,-12.890475000000151,-0.0007079247586857808,Long,Closed,829,-12.890475000000151,-25.780950000000303,-28.780950000000303
830,830,0,1.0,2024-03-05 03:21:00,18198.31965,0.0,2024-03-05 04:24:00,18206.67915,0.0,8.359499999998661,0.0004593555977020472,Long,Closed,830,8.359499999998661,16.718999999997322,13.718999999997322
831,831,0,1.0,2024-03-05 06:57:00,18180.567875,0.0,2024-03-05 07:20:00,18165.1833,0.0,-15.38457500000004,-0.0008462098162046569,Long,Closed,831,-15.38457500000004,-30.76915000000008,-33.76915000000008
832,832,0,1.0,2024-03-05 07:54:00,18174.8173,0.0,2024-03-05 08:30:00,18172.68255,0.0,-2.134749999997439,-0.00011745647643992763,Long,Closed,832,-2.134749999997439,-4.269499999994878,-7.269499999994878
833,833,0,1.0,2024-03-05 09:28:00,18155.065325,0.0,2024-03-05 09:37:00,18135.1863,0.0,-19.879024999998364,-0.0010949575032717963,Long,Closed,833,-19.879024999998364,-39.75804999999673,-42.75804999999673
834,834,0,1.0,2024-03-05 10:27:00,18128.8127,0.0,2024-03-05 11:53:00,18145.935225,0.0,17.122525000002497,0.0009444923549793473,Long,Closed,834,17.122525000002497,34.245050000004994,31.245050000004994
835,835,0,1.0,2024-03-05 11:56:00,18152.565075,0.0,2024-03-05 12:38:00,18158.933925,0.0,6.368850000002567,0.00035085124188723323,Long,Closed,835,6.368850000002567,12.737700000005134,9.737700000005134
836,836,0,1.0,2024-03-05 13:09:00,18175.31735,0.0,2024-03-05 13:30:00,18144.68535,0.0,-30.632000000001426,-0.0016853625942328553,Long,Closed,836,-30.632000000001426,-61.26400000000285,-64.26400000000285
837,837,0,1.0,2024-03-05 16:22:00,17960.7959,0.0,2024-03-05 16:41:00,17931.2067,0.0,-29.589200000002165,-0.001647432561716386,Long,Closed,837,-29.589200000002165,-59.17840000000433,-62.17840000000433
838,838,0,1.0,2024-03-05 17:07:00,17951.044925,0.0,2024-03-05 18:02:00,17941.70565,0.0,-9.339274999998452,-0.0005202635857142702,Long,Closed,838,-9.339274999998452,-18.678549999996903,-21.678549999996903
839,839,0,1.0,2024-03-05 19:18:00,17900.7899,0.0,2024-03-05 19:35:00,17876.2122,0.0,-24.577699999998003,-0.0013729952777110693,Long,Closed,839,-24.577699999998003,-49.15539999999601,-52.15539999999601
840,840,0,1.0,2024-03-05 20:41:00,17863.7862,0.0,2024-03-05 23:09:00,17962.2036,0.0,98.41740000000209,0.005509324781327829,Long,Closed,840,98.41740000000209,196.83480000000418,193.83480000000418
841,841,0,1.0,2024-03-06 00:33:00,17965.29635,0.0,2024-03-06 00:45:00,17953.2045,0.0,-12.091850000000704,-0.0006730671047349967,Long,Closed,841,-12.091850000000704,-24.18370000000141,-27.18370000000141
842,842,0,1.0,2024-03-06 01:12:00,17960.045825,0.0,2024-03-06 01:45:00,17952.454575,0.0,-7.59125000000131,-0.0004226743113001667,Long,Closed,842,-7.59125000000131,-15.18250000000262,-18.18250000000262
843,843,0,1.0,2024-03-06 01:59:00,17962.7961,0.0,2024-03-06 03:01:00,17964.953325,0.0,2.1572249999990163,0.0001200940537313685,Long,Closed,843,2.1572249999990163,4.314449999998033,1.3144499999980326
844,844,0,1.0,2024-03-06 03:31:00,17977.547575,0.0,2024-03-06 04:29:00,17975.452275,0.0,-2.0953000000008615,-0.00011655093617522308,Long,Closed,844,-2.0953000000008615,-4.190600000001723,-7.190600000001723
845,845,0,1.0,2024-03-06 04:55:00,17983.7982,0.0,2024-03-06 05:25:00,17976.452175,0.0,-7.346025000002555,-0.0004084801730038627,Long,Closed,845,-7.346025000002555,-14.69205000000511,-17.69205000000511
846,846,0,1.0,2024-03-06 05:41:00,17985.548375,0.0,2024-03-06 05:52:00,17977.2021,0.0,-8.346274999999878,-0.000464054518993774,Long,Closed,846,-8.346274999999878,-16.692549999999756,-19.692549999999756
847,847,0,1.0,2024-03-06 06:04:00,17982.048025,0.0,2024-03-06 06:06:00,17973.452475000002,0.0,-8.595549999998184,-0.00047800728749294863,Long,Closed,847,-8.595549999998184,-17.191099999996368,-20.191099999996368
848,848,0,1.0,2024-03-06 06:39:00,17977.797599999998,0.0,2024-03-06 07:06:00,17977.952025,0.0,0.15442500000062864,8.589761851620171e-06,Long,Closed,848,0.15442500000062864,0.3088500000012573,-2.6911499999987427
849,849,0,1.0,2024-03-06 07:26:00,17984.548275,0.0,2024-03-06 07:35:00,17972.2026,0.0,-12.345675000000483,-0.0006864601107141504,Long,Closed,849,-12.345675000000483,-24.691350000000966,-27.691350000000966
850,850,0,1.0,2024-03-06 07:43:00,17983.29815,0.0,2024-03-06 08:54:00,18014.69835,0.0,31.40020000000004,0.0017460757052509884,Long,Closed,850,31.40020000000004,62.80040000000008,59.80040000000008
851,851,0,1.0,2024-03-06 09:05:00,18043.8042,0.0,2024-03-06 09:53:00,18045.69525,0.0,1.8910500000019965,0.00010480328754631447,Long,Closed,851,1.8910500000019965,3.782100000003993,0.782100000003993
852,852,0,1.0,2024-03-06 10:02:00,18065.556375,0.0,2024-03-06 10:47:00,18054.444375,0.0,-11.11200000000099,-0.0006150931512620512,Long,Closed,852,-11.11200000000099,-22.22400000000198,-25.22400000000198
853,853,0,1.0,2024-03-06 11:21:00,18060.555875,0.0,2024-03-06 11:25:00,18052.69455,0.0,-7.861324999998033,-0.00043527591589137803,Long,Closed,853,-7.861324999998033,-15.722649999996065,-18.722649999996065
854,854,0,1.0,2024-03-06 12:12:00,18065.056325,0.0,2024-03-06 13:36:00,18072.69255,0.0,7.636224999998376,0.00042270695770988,Long,Closed,854,7.636224999998376,15.272449999996752,12.272449999996752
855,855,0,1.0,2024-03-06 13:51:00,18092.30905,0.0,2024-03-06 14:41:00,18093.690450000002,0.0,1.3814000000020314,7.635288542686216e-05,Long,Closed,855,1.3814000000020314,2.762800000004063,-0.2371999999959371
856,856,0,1.0,2024-03-06 15:38:00,18039.053725,0.0,2024-03-06 16:38:00,18091.69065,0.0,52.63692499999888,0.0029179426926951445,Long,Closed,856,52.63692499999888,105.27384999999776,102.27384999999776
857,857,0,1.0,2024-03-06 16:44:00,18093.059125,0.0,2024-03-06 17:47:00,18126.437175,0.0,33.37804999999935,0.0018447985920677938,Long,Closed,857,33.37804999999935,66.7560999999987,63.756099999998696
858,858,0,1.0,2024-03-06 18:23:00,18155.8154,0.0,2024-03-06 18:36:00,18075.69225,0.0,-80.12314999999944,-0.00441308463623173,Long,Closed,858,-80.12314999999944,-160.24629999999888,-163.24629999999888
859,859,0,1.0,2024-03-06 19:30:00,18080.8079,0.0,2024-03-06 19:39:00,18045.1953,0.0,-35.612600000000384,-0.001969635438690789,Long,Closed,859,-35.612600000000384,-71.22520000000077,-74.22520000000077
860,860,0,1.0,2024-03-06 20:46:00,18046.554475,0.0,2024-03-06 21:57:00,18039.1959,0.0,-7.35857500000202,-0.0004077551208013639,Long,Closed,860,-7.35857500000202,-14.71715000000404,-17.71715000000404
861,861,0,1.0,2024-03-07 01:24:00,17986.048425,0.0,2024-03-07 01:39:00,17970.452775,0.0,-15.595649999999296,-0.0008670970761049363,Long,Closed,861,-15.595649999999296,-31.19129999999859,-34.19129999999859
862,862,0,1.0,2024-03-07 02:58:00,17947.7946,0.0,2024-03-07 04:17:00,17960.953725,0.0,13.159124999998312,0.0007331889679636913,Long,Closed,862,13.159124999998312,26.318249999996624,23.318249999996624
863,863,0,1.0,2024-03-07 04:25:00,17967.7966,0.0,2024-03-07 05:40:00,17976.452175,0.0,8.655574999997043,0.00048172712507203264,Long,Closed,863,8.655574999997043,17.311149999994086,14.311149999994086
864,864,0,1.0,2024-03-07 06:25:00,17991.29895,0.0,2024-03-07 06:48:00,17969.70285,0.0,-21.59609999999884,-0.0012003635790843684,Long,Closed,864,-21.59609999999884,-43.19219999999768,-46.19219999999768
865,865,0,1.0,2024-03-07 07:48:00,17954.7953,0.0,2024-03-07 08:13:00,17917.958025,0.0,-36.83727500000168,-0.0020516677792479024,Long,Closed,865,-36.83727500000168,-73.67455000000336,-76.67455000000336
866,866,0,1.0,2024-03-07 08:25:00,17970.046825,0.0,2024-03-07 11:22:00,18095.69025,0.0,125.64342499999839,0.006991825131206823,Long,Closed,866,125.64342499999839,251.28684999999678,248.28684999999678
867,867,0,1.0,2024-03-07 11:42:00,18120.061825,0.0,2024-03-07 12:17:00,18108.189,0.0,-11.872825000002194,-0.0006552309321385107,Long,Closed,867,-11.872825000002194,-23.74565000000439,-26.74565000000439
868,868,0,1.0,2024-03-07 12:19:00,18116.31145,0.0,2024-03-07 12:57:00,18114.438375,0.0,-1.8730749999995169,-0.00010339163163368539,Long,Closed,868,-1.8730749999995169,-3.7461499999990338,-6.746149999999034
869,869,0,1.0,2024-03-07 13:18:00,18143.31415,0.0,2024-03-07 14:06:00,18143.68545,0.0,0.3713000000025204,2.046483883444858e-05,Long,Closed,869,0.3713000000025204,0.7426000000050408,-2.257399999994959
870,870,0,1.0,2024-03-07 14:17:00,18155.565375,0.0,2024-03-07 14:50:00,18155.934225,0.0,0.36885000000256696,2.0316084483409648e-05,Long,Closed,870,0.36885000000256696,0.7377000000051339,-2.262299999994866
871,871,0,1.0,2024-03-07 14:57:00,18209.070725,0.0,2024-03-07 17:42:00,18288.67095,0.0,79.60022499999832,0.004371460037810266,Long,Closed,871,79.60022499999832,159.20044999999664,156.20044999999664
872,872,0,1.0,2024-03-07 18:10:00,18314.581275,0.0,2024-03-07 19:21:00,18338.66595,0.0,24.084674999998242,0.0013150546353399085,Long,Closed,872,24.084674999998242,48.169349999996484,45.169349999996484
873,873,0,1.0,2024-03-07 19:43:00,18352.33505,0.0,2024-03-07 20:01:00,18298.419975,0.0,-53.9150750000008,-0.0029377773919837405,Long,Closed,873,-53.9150750000008,-107.8301500000016,-110.8301500000016
874,874,0,1.0,2024-03-07 20:42:00,18328.8327,0.0,2024-03-07 21:04:00,18285.921225000002,0.0,-42.911474999997154,-0.002341200648309543,Long,Closed,874,-42.911474999997154,-85.82294999999431,-88.82294999999431
875,875,0,1.0,2024-03-07 21:51:00,18244.574275,0.0,2024-03-07 23:39:00,18262.423575,0.0,17.849300000001676,0.0009783346945212113,Long,Closed,875,17.849300000001676,35.69860000000335,32.69860000000335
876,876,0,1.0,2024-03-08 00:23:00,18265.32635,0.0,2024-03-08 01:03:00,18263.1735,0.0,-2.1528499999985797,-0.00011786540019847933,Long,Closed,876,-2.1528499999985797,-4.3056999999971595,-7.3056999999971595
877,877,0,1.0,2024-03-08 01:35:00,18274.32725,0.0,2024-03-08 02:09:00,18266.67315,0.0,-7.654099999999744,-0.00041884442011400145,Long,Closed,877,-7.654099999999744,-15.308199999999488,-18.308199999999488
878,878,0,1.0,2024-03-08 03:15:00,18272.8271,0.0,2024-03-08 04:37:00,18286.671150000002,0.0,13.844050000003335,0.0007576304380400631,Long,Closed,878,13.844050000003335,27.68810000000667,24.68810000000667
879,879,0,1.0,2024-03-08 05:33:00,18290.578875,0.0,2024-03-08 06:15:00,18290.920725,0.0,0.3418500000007043,1.8689949746093223e-05,Long,Closed,879,0.3418500000007043,0.6837000000014086,-2.3162999999985914
880,880,0,1.0,2024-03-08 06:38:00,18292.32905,0.0,2024-03-08 06:44:00,18284.67135,0.0,-7.65769999999975,-0.0004186290318235747,Long,Closed,880,-7.65769999999975,-15.3153999999995,-18.3153999999995
881,881,0,1.0,2024-03-08 07:27:00,18287.32855,0.0,2024-03-08 09:04:00,18317.66805,0.0,30.339500000001863,0.0016590449456326886,Long,Closed,881,30.339500000001863,60.679000000003725,57.679000000003725
882,882,0,1.0,2024-03-08 09:31:00,18327.33255,0.0,2024-03-08 10:08:00,18323.917425,0.0,-3.4151249999995343,-0.00018634053759228233,Long,Closed,882,-3.4151249999995343,-6.830249999999069,-9.830249999999069
883,883,0,1.0,2024-03-08 10:50:00,18325.582374999998,0.0,2024-03-08 11:26:00,18313.1685,0.0,-12.41387499999837,-0.0006774068483047798,Long,Closed,883,-12.41387499999837,-24.82774999999674,-27.82774999999674
884,884,0,1.0,2024-03-08 12:15:00,18300.8299,0.0,2024-03-08 12:23:00,18277.422075,0.0,-23.40782500000205,-0.0012790581152826324,Long,Closed,884,-23.40782500000205,-46.8156500000041,-49.8156500000041
885,885,0,1.0,2024-03-08 13:06:00,18274.077225,0.0,2024-03-08 14:17:00,18321.917625000002,0.0,47.840400000000955,0.0026179379353039236,Long,Closed,885,47.840400000000955,95.68080000000191,92.68080000000191
886,886,0,1.0,2024-03-08 14:51:00,18356.085425,0.0,2024-03-08 15:41:00,18378.162,0.0,22.07657499999914,0.0012026842591357759,Long,Closed,886,22.07657499999914,44.15314999999828,41.15314999999828
887,887,0,1.0,2024-03-08 17:34:00,18196.8195,0.0,2024-03-08 17:45:00,18167.183100000002,0.0,-29.636399999999412,-0.0016286582388751732,Long,Closed,887,-29.636399999999412,-59.272799999998824,-62.272799999998824
888,888,0,1.0,2024-03-08 19:04:00,18090.30885,0.0,2024-03-08 20:11:00,18096.69015,0.0,6.381299999997282,0.00035274687971937425,Long,Closed,888,6.381299999997282,12.762599999994563,9.762599999994563
889,889,0,1.0,2024-03-08 21:10:00,18066.056425,0.0,2024-03-08 21:22:00,18055.1943,0.0,-10.86212499999965,-0.0006012449393752876,Long,Closed,889,-10.86212499999965,-21.7242499999993,-24.7242499999993
890,890,0,1.0,2024-03-10 23:14:00,18007.30055,0.0,2024-03-11 00:30:00,18020.1978,0.0,12.897250000001804,0.0007162233986260536,Long,Closed,890,12.897250000001804,25.79450000000361,22.79450000000361
891,891,0,1.0,2024-03-11 01:10:00,18028.552675,0.0,2024-03-11 01:55:00,18027.69705,0.0,-0.8556250000001455,-4.7459439225347886e-05,Long,Closed,891,-0.8556250000001455,-1.711250000000291,-4.711250000000291
892,892,0,1.0,2024-03-11 03:18:00,18018.30165,0.0,2024-03-11 03:40:00,18010.69875,0.0,-7.602900000001682,-0.00042195430777471093,Long,Closed,892,-7.602900000001682,-15.205800000003364,-18.205800000003364
